"id";"FECHA";"DESDE";"HASTA";"LOCALIDAD";"GRUPO";"DIRECCION";"FARMACIA";"Cod_FARMACIA";"TELEFONO"
"1";"27/11/2023";"10";"21";"Artica / Artika";"Pamplona y comarca";"C/ Madres de la Plaza de Mayo, 32. Nuevo Artica";"Aguado Menendez, Carmen";"F00739";"948 307609"
"2";"27/11/2023";"9";"21";"Estella-Lizarra";"Estella";"C/ Baja Navarra, 7";"Goyache Sainz de Vicuña, Maria del Mar";"F00026";"948 550231"
"3";"27/11/2023";"9";"22";"Ezcároz / Ezkaroze";"Isaba - Salazar";"C/ Rochapea, 2";"Vicente Collado, Maria Jose";"F00287";"948 890395"
"4";"27/11/2023";"10";"21";"Mutilva / Mutiloa";"Pamplona y comarca";"Pl Valle de Aranguren, 15bajoC";"Lozano Bernal, Javier Jose";"F00831";"644798814"
"5";"27/11/2023";"10";"21";"Pamplona / Iruña";"Pamplona y comarca";"Avda Bayona, 37";"Arriazu Aranceta, Berta";"F00618";"948 252401"
"6";"27/11/2023";"10";"21";"Pamplona / Iruña";"Pamplona y comarca";"Avda Villava, 51A. Chantrea";"Estebanez Santesteban, Sara";"F00145";"948 126586"
"7";"27/11/2023";"10";"21";"Pamplona / Iruña";"Pamplona y comarca";"C/ Concejo de Olaz, 14. Mendillorri - Fase 2";"Fernandez de Arcaya Gainza, Mª Nieves";"F00455";"948 163215"
"8";"27/11/2023";"10";"21";"Pamplona / Iruña";"Pamplona y comarca";"C/ Tudela, 1. Frente al Corte Inglés";"Lorca Mico, Soledad";"F00160";"948 229912"
"9";"27/11/2023";"10";"21";"Pamplona / Iruña";"Pamplona y comarca";"C/ Irunlarrea, 19. Próx. Virgen del Camino. Mendebaldea";"Menendez Garcia, Graciela";"F00550";"948 198191"
"10";"27/11/2023";"10";"21";"Pamplona / Iruña";"Pamplona y comarca";"Avda Pío XII, 9";"Muñoz Aramburu, Miren Arantza";"F00141";"948 252895"
"11";"27/11/2023";"10";"21";"Tudela";"Tudela Este - Tudela Oeste";"Pº Capuchinas, 33Bajo. Frente a Mercadona.";"Morte Casado, Leticia Alba";"F00761";"948415298"
"12";"27/11/2023";"21";"10";"Artica / Artika";"Pamplona y comarca";"C/ Madres de la Plaza de Mayo, 32. Nuevo Artica";"Aguado Menendez, Carmen";"F00739";"948 307609"
"13";"27/11/2023";"21";"9";"Estella-Lizarra";"Estella";"C/ Mayor, 20";"Fernandez Alvarez, Soliña";"F00060";"948 546920"
"14";"27/11/2023";"21";"10";"Pamplona / Iruña";"Pamplona y comarca";"C/ Yanguas y Miranda, 17";"Marfil Garcia, Alberto";"F00205";"948 245030"
"15";"27/11/2023";"21";"10";"Pamplona / Iruña";"Pamplona y comarca";"C/ Irunlarrea, 19. Próx. Virgen del Camino. Mendebaldea";"Menendez Garcia, Graciela";"F00550";"948 198191"
"16";"27/11/2023";"21";"10";"Sarriguren";"Pamplona y comarca";"Avda Erripagaña, 24. Ripagaina. Rotonda LIDL y ALDI";"Rubio Echarte, Santiago";"F00731";"948787058"
"17";"27/11/2023";"21";"10";"Tudela";"Tudela Este - Tudela Oeste";"C/ Díaz Bravo, 7. Esq. C/ Almazara";"Arana Castelo, Elsa";"F00483";"948 410783"
"18";"27/11/2023";"9";"9";"Altsasu / Alsasua";"Altsasu/Alsasua";"C/ Alzania, 1";"Luis de Redin Subira, Maria Rosa";"F00159";"948 562380"
"19";"27/11/2023";"9";"9";"Ancín / Antzin";"Comarca de Estella";"Cra. Vitoria, 20";"Alen Fernandez, Ruben";"F00246";"948 534102"
"20";"27/11/2023";"9";"9";"Aoiz / Agoitz";"Aoiz - Auritz/Burguete";"C/ Domingo Elizondo, 4";"Lera Toston, Maria Yolanda";"F00096";"948 336525"
"21";"27/11/2023";"9";"9";"Azagra";"San Adrián";"Pl de la Constitucion, 1";"Luri Dendarieta, Mª Luisa";"F00575";"948 692150"
"22";"27/11/2023";"9";"9";"Bera";"Lesaka";"Pl de los Fueros, 4";"Fernandez Diez, Arantzazu";"F00353";"948 630631"
"23";"27/11/2023";"9";"9";"Carcastillo";"Carcastillo - Olite";"C/ Mayor, 17";"Arbeloa Zabaleta, Maria Angeles";"F00473";"948 715039"
"24";"27/11/2023";"9";"9";"Cascante";"Buñuel - Cascante";"C/ Victoria, 25";"Galipienzo Jimenez, Marta";"F00369";"948 850742"
"25";"27/11/2023";"9";"9";"Cintruénigo";"Corella - Cintruénigo";"C/ Jose María Ligués, 44";"Lozano Sanchez, Maria Jose";"F00301";"948 815051"
"26";"27/11/2023";"9";"9";"Falces";"Peralta";"C/ Corazón de Jesús, 5";"Diaz/Eza Casas/Gascuñana, Mercedes/Victoria";"F00458";"948 734840"
"27";"27/11/2023";"9";"9";"Irurita";"Elizondo";"C/ Mayor, 4B";"Goñi Itoiz, Concepcion";"F00279";"948 452347"
"28";"27/11/2023";"9";"9";"Irurtzun";"Etxarri-Aranatz, Irurtzun, Leitza, Ultzama";"C/ Amaya, 4";"Gastearena/Martirena Arraiza/Miqueo, Miguel/Jorge";"F00387";"948 506149"
"29";"27/11/2023";"9";"9";"Ituren";"Doneztebe/Santesteban";"C/ Consejo, 12";"Ruiz-Lopetedi Rodriguez, Jose Joaquin";"F00272";"948 450968"
"30";"27/11/2023";"9";"9";"Lodosa";"Lodosa";"C/ Los Huertos de Abajo, 3";"Yoldi Perez, Jesusa";"F00438";"948 694635"
"31";"27/11/2023";"9";"9";"Mendigorria";"Puente la Reina";"C/ Bernardino Ayala, 8";"Inchaurraga Casadamon, Laura";"F00248";"948 340312"
"32";"27/11/2023";"9";"9";"Milagro";"Valtierra-Cadreita - Castejón";"C/ Arrabal, 28bajo";"Hernandez Ramiro, Carlos";"F00023";"948 861066"
"33";"27/11/2023";"9";"9";"Miranda de Arga";"Artajona";"C/ La Dehesa, 9";"Elizalde Sesma, Alejandra";"F00675";"948 926094"
"34";"27/11/2023";"9";"9";"Olite / Erriberri";"Carcastillo - Olite";"Pl Del Fosal, 1";"Pellejero Balduz, Maria Jose";"F00433";"948 741830"
"35";"27/11/2023";"9";"9";"Sangüesa / Zangoza";"Sangüesa";"C/ Mayor, 30";"Ruiz Sanchez, Tomas";"F00101";"948 870114"
"36";"27/11/2023";"9";"9";"Sansol";"Los Arcos - Viana";"C/ Barrionuevo, 2";"Elias Calvo, Ignacio Javier";"F00817";"948648328"
"37";"27/11/2023";"9";"9";"Tafalla";"Tafalla";"C/ Camino Miranda, 8";"Tesan Urchaga, Jose Luis";"F00463";"948 755094"
"38";"28/11/2023";"10";"21";"Artica / Artika";"Pamplona y comarca";"C/ Madres de la Plaza de Mayo, 32. Nuevo Artica";"Aguado Menendez, Carmen";"F00739";"948 307609"
"39";"28/11/2023";"10";"21";"Cordovilla";"Pamplona y comarca";"Bº La Morea, s/n. C.Comercial Leclerc";"Aranguren Letamendia, Emilia";"F00311";"948 152626"
"40";"28/11/2023";"9";"21";"Estella-Lizarra";"Estella";"Pl Santiago, 55";"Landa Naveros, Maria Rosario";"F00028";"948 550333"
"41";"28/11/2023";"9";"22";"Ezcároz / Ezkaroze";"Isaba - Salazar";"C/ Rochapea, 2";"Vicente Collado, Maria Jose";"F00287";"948 890395"
"42";"28/11/2023";"10";"21";"Huarte / Uharte";"Pamplona y comarca";"C/ Pérez Goyena, 1";"Alvarez Guembe, Daniel";"F00494";"948 332986"
"43";"28/11/2023";"10";"21";"Pamplona / Iruña";"Pamplona y comarca";"C/ Irunlarrea, 26. Mendebaldea";"Amador Zamarreño, Jose Angel";"F00170";"948 253743"
"44";"28/11/2023";"10";"21";"Pamplona / Iruña";"Pamplona y comarca";"Avda Bayona, 37";"Arriazu Aranceta, Berta";"F00618";"948 252401"
"45";"28/11/2023";"10";"21";"Pamplona / Iruña";"Pamplona y comarca";"C/ Yanguas y Miranda, 17";"Marfil Garcia, Alberto";"F00205";"948 245030"
"46";"28/11/2023";"10";"21";"Pamplona / Iruña";"Pamplona y comarca";"Avda Pío XII, 9";"Muñoz Aramburu, Miren Arantza";"F00141";"948 252895"
"47";"28/11/2023";"10";"21";"Tudela";"Tudela Este - Tudela Oeste";"C/ Don Miguel Eza, 4";"Acacio Mañas, Maria";"F00777";"948789204"
"48";"28/11/2023";"10";"21";"Tudela";"Tudela Este - Tudela Oeste";"Ctra. Zaragoza, s/n. C.Comercial Eroski";"Asin Aicua, Raquel";"F00357";"948 848355"
"49";"28/11/2023";"21";"10";"Artica / Artika";"Pamplona y comarca";"C/ Madres de la Plaza de Mayo, 32. Nuevo Artica";"Aguado Menendez, Carmen";"F00739";"948 307609"
"50";"28/11/2023";"21";"9";"Estella-Lizarra";"Estella";"Pl Santiago, 55";"Landa Naveros, Maria Rosario";"F00028";"948 550333"
"51";"28/11/2023";"21";"10";"Pamplona / Iruña";"Pamplona y comarca";"C/ Yanguas y Miranda, 17";"Marfil Garcia, Alberto";"F00205";"948 245030"
"52";"28/11/2023";"21";"10";"Pamplona / Iruña";"Pamplona y comarca";"C/ Irunlarrea, 19. Próx. Virgen del Camino. Mendebaldea";"Menendez Garcia, Graciela";"F00550";"948 198191"
"53";"28/11/2023";"21";"10";"Sarriguren";"Pamplona y comarca";"Avda Erripagaña, 24. Ripagaina. Rotonda LIDL y ALDI";"Rubio Echarte, Santiago";"F00731";"948787058"
"54";"28/11/2023";"21";"10";"Tudela";"Tudela Este - Tudela Oeste";"C/ Gaztambide Carrera, 4";"Arellano Diaz, Javier";"F00083";"948 820133"
"55";"28/11/2023";"21";"10";"Tudela";"Tudela Este - Tudela Oeste";"Ctra. Zaragoza, s/n. C.Comercial Eroski";"Asin Aicua, Raquel";"F00357";"948 848355"
"56";"28/11/2023";"9";"9";"Altsasu / Alsasua";"Altsasu/Alsasua";"C/ Alzania, 1";"Luis de Redin Subira, Maria Rosa";"F00159";"948 562380"
"57";"28/11/2023";"9";"9";"Ancín / Antzin";"Comarca de Estella";"Cra. Vitoria, 20";"Alen Fernandez, Ruben";"F00246";"948 534102"
"58";"28/11/2023";"9";"9";"Aoiz / Agoitz";"Aoiz - Auritz/Burguete";"C/ Domingo Elizondo, 4";"Lera Toston, Maria Yolanda";"F00096";"948 336525"
"59";"28/11/2023";"9";"9";"Azagra";"San Adrián";"Pl de la Constitucion, 1";"Luri Dendarieta, Mª Luisa";"F00575";"948 692150"
"60";"28/11/2023";"9";"9";"Bera";"Lesaka";"Pl de los Fueros, 4";"Fernandez Diez, Arantzazu";"F00353";"948 630631"
"61";"28/11/2023";"9";"9";"Carcastillo";"Carcastillo - Olite";"C/ Mayor, 17";"Arbeloa Zabaleta, Maria Angeles";"F00473";"948 715039"
"62";"28/11/2023";"9";"9";"Cascante";"Buñuel - Cascante";"C/ Cesar, 20";"Ochoa Jarauta, Sara";"F00354";"948 851580"
"63";"28/11/2023";"9";"9";"Cintruénigo";"Corella - Cintruénigo";"C/ Jose María Ligués, 44";"Lozano Sanchez, Maria Jose";"F00301";"948 815051"
"64";"28/11/2023";"9";"9";"Doneztebe / Santesteban";"Doneztebe/Santesteban";"C/ Mayor, 6";"Echarte Subizar, Maider";"F00396";"948 456169"
"65";"28/11/2023";"9";"9";"Falces";"Peralta";"C/ Corazón de Jesús, 5";"Diaz/Eza Casas/Gascuñana, Mercedes/Victoria";"F00458";"948 734840"
"66";"28/11/2023";"9";"9";"Irurita";"Elizondo";"C/ Mayor, 4B";"Goñi Itoiz, Concepcion";"F00279";"948 452347"
"67";"28/11/2023";"9";"9";"Irurtzun";"Etxarri-Aranatz, Irurtzun, Leitza, Ultzama";"C/ Amaya, 4";"Gastearena/Martirena Arraiza/Miqueo, Miguel/Jorge";"F00387";"948 506149"
"68";"28/11/2023";"9";"9";"Lodosa";"Lodosa";"C/ Los Huertos de Abajo, 3";"Yoldi Perez, Jesusa";"F00438";"948 694635"
"69";"28/11/2023";"9";"9";"Mendigorria";"Puente la Reina";"C/ Bernardino Ayala, 8";"Inchaurraga Casadamon, Laura";"F00248";"948 340312"
"70";"28/11/2023";"9";"9";"Milagro";"Valtierra-Cadreita - Castejón";"C/ Arrabal, 28bajo";"Hernandez Ramiro, Carlos";"F00023";"948 861066"
"71";"28/11/2023";"9";"9";"Miranda de Arga";"Artajona";"C/ La Dehesa, 9";"Elizalde Sesma, Alejandra";"F00675";"948 926094"
"72";"28/11/2023";"9";"9";"Olite / Erriberri";"Carcastillo - Olite";"Pl Del Fosal, 1";"Pellejero Balduz, Maria Jose";"F00433";"948 741830"
"73";"28/11/2023";"9";"9";"Sangüesa / Zangoza";"Sangüesa";"C/ Mayor, 30";"Ruiz Sanchez, Tomas";"F00101";"948 870114"
"74";"28/11/2023";"9";"9";"Sansol";"Los Arcos - Viana";"C/ Barrionuevo, 2";"Elias Calvo, Ignacio Javier";"F00817";"948648328"
"75";"28/11/2023";"9";"9";"Tafalla";"Tafalla";"C/ Camino Miranda, 8";"Tesan Urchaga, Jose Luis";"F00463";"948 755094"
"76";"29/11/2023";"10";"21";"Artica / Artika";"Pamplona y comarca";"C/ Madres de la Plaza de Mayo, 32. Nuevo Artica";"Aguado Menendez, Carmen";"F00739";"948 307609"
"77";"29/11/2023";"10";"21";"Campanas";"Pamplona y comarca";"Avda Zaragoza, 26. Tiebas";"Madoz Labaca, Marta";"F00259";"948 360102"
"78";"29/11/2023";"9";"21";"Estella-Lizarra";"Estella";"C/ Mayor, 70";"Manso Gorostola, Maria Milagros";"F00029";"948 550340"
"79";"29/11/2023";"9";"22";"Ezcároz / Ezkaroze";"Isaba - Salazar";"C/ Rochapea, 2";"Vicente Collado, Maria Jose";"F00287";"948 890395"
"80";"29/11/2023";"10";"21";"Huarte / Uharte";"Pamplona y comarca";"C/ Zubiarte, 26";"Blanco Ruiz, Ildelina";"F00432";"948 332175"
"81";"29/11/2023";"10";"21";"Pamplona / Iruña";"Pamplona y comarca";"C/ Yanguas y Miranda, 17";"Marfil Garcia, Alberto";"F00205";"948 245030"
"82";"29/11/2023";"10";"21";"Pamplona / Iruña";"Pamplona y comarca";"Pl San Juan de la Cadena, 3. Trasera Pío XII, 12";"Martinez Eslava, Maria";"F00395";"948 365799"
"83";"29/11/2023";"10";"21";"Pamplona / Iruña";"Pamplona y comarca";"C/ Irunlarrea, 19. Próx. Virgen del Camino. Mendebaldea";"Menendez Garcia, Graciela";"F00550";"948 198191"
"84";"29/11/2023";"10";"21";"Pamplona / Iruña";"Pamplona y comarca";"C/ Pedro Aranaz, 8. Frente C. Salud Azpilagaña";"Olloqui Larumbe, Olga";"F00235";"948 249592"
"85";"29/11/2023";"10";"21";"Tudela";"Tudela Este - Tudela Oeste";"Pº Capuchinas, 33Bajo. Frente a Mercadona.";"Morte Casado, Leticia Alba";"F00761";"948415298"
"86";"29/11/2023";"21";"10";"Artica / Artika";"Pamplona y comarca";"C/ Madres de la Plaza de Mayo, 32. Nuevo Artica";"Aguado Menendez, Carmen";"F00739";"948 307609"
"87";"29/11/2023";"21";"9";"Estella-Lizarra";"Estella";"C/ Mayor, 70";"Manso Gorostola, Maria Milagros";"F00029";"948 550340"
"88";"29/11/2023";"21";"10";"Pamplona / Iruña";"Pamplona y comarca";"C/ Yanguas y Miranda, 17";"Marfil Garcia, Alberto";"F00205";"948 245030"
"89";"29/11/2023";"21";"10";"Pamplona / Iruña";"Pamplona y comarca";"C/ Irunlarrea, 19. Próx. Virgen del Camino. Mendebaldea";"Menendez Garcia, Graciela";"F00550";"948 198191"
"90";"29/11/2023";"21";"10";"Sarriguren";"Pamplona y comarca";"Avda Erripagaña, 24. Ripagaina. Rotonda LIDL y ALDI";"Rubio Echarte, Santiago";"F00731";"948787058"
"91";"29/11/2023";"21";"10";"Tudela";"Tudela Este - Tudela Oeste";"C/ Cuesta de la Estación, 12";"Blazquez Gonzalez, Maria Asuncion";"F00268";"948 826400"
"92";"29/11/2023";"9";"9";"Altsasu / Alsasua";"Altsasu/Alsasua";"C/ Alzania, 1";"Luis de Redin Subira, Maria Rosa";"F00159";"948 562380"
"93";"29/11/2023";"9";"9";"Ancín / Antzin";"Comarca de Estella";"Cra. Vitoria, 20";"Alen Fernandez, Ruben";"F00246";"948 534102"
"94";"29/11/2023";"9";"9";"Aoiz / Agoitz";"Aoiz - Auritz/Burguete";"C/ Domingo Elizondo, 4";"Lera Toston, Maria Yolanda";"F00096";"948 336525"
"95";"29/11/2023";"9";"9";"Azagra";"San Adrián";"Pl de la Constitucion, 1";"Luri Dendarieta, Mª Luisa";"F00575";"948 692150"
"96";"29/11/2023";"9";"9";"Bera";"Lesaka";"Pl de los Fueros, 4";"Fernandez Diez, Arantzazu";"F00353";"948 630631"
"97";"29/11/2023";"9";"9";"Carcastillo";"Carcastillo - Olite";"C/ Mayor, 17";"Arbeloa Zabaleta, Maria Angeles";"F00473";"948 715039"
"98";"29/11/2023";"9";"9";"Cascante";"Buñuel - Cascante";"C/ Cesar, 20";"Ochoa Jarauta, Sara";"F00354";"948 851580"
"99";"29/11/2023";"9";"9";"Cintruénigo";"Corella - Cintruénigo";"C/ Jose María Ligués, 44";"Lozano Sanchez, Maria Jose";"F00301";"948 815051"
"100";"29/11/2023";"9";"9";"Falces";"Peralta";"C/ Corazón de Jesús, 5";"Diaz/Eza Casas/Gascuñana, Mercedes/Victoria";"F00458";"948 734840"
"101";"29/11/2023";"9";"9";"Irurita";"Elizondo";"C/ Mayor, 4B";"Goñi Itoiz, Concepcion";"F00279";"948 452347"
"102";"29/11/2023";"9";"9";"Irurtzun";"Etxarri-Aranatz, Irurtzun, Leitza, Ultzama";"C/ Amaya, 4";"Gastearena/Martirena Arraiza/Miqueo, Miguel/Jorge";"F00387";"948 506149"
"103";"29/11/2023";"9";"9";"Lodosa";"Lodosa";"C/ Los Huertos de Abajo, 3";"Yoldi Perez, Jesusa";"F00438";"948 694635"
"104";"29/11/2023";"9";"9";"Mendigorria";"Puente la Reina";"C/ Bernardino Ayala, 8";"Inchaurraga Casadamon, Laura";"F00248";"948 340312"
"105";"29/11/2023";"9";"9";"Milagro";"Valtierra-Cadreita - Castejón";"C/ Arrabal, 28bajo";"Hernandez Ramiro, Carlos";"F00023";"948 861066"
"106";"29/11/2023";"9";"9";"Miranda de Arga";"Artajona";"C/ La Dehesa, 9";"Elizalde Sesma, Alejandra";"F00675";"948 926094"
"107";"29/11/2023";"9";"9";"Olite / Erriberri";"Carcastillo - Olite";"Pl Del Fosal, 1";"Pellejero Balduz, Maria Jose";"F00433";"948 741830"
"108";"29/11/2023";"9";"9";"Sangüesa / Zangoza";"Sangüesa";"C/ Mayor, 30";"Ruiz Sanchez, Tomas";"F00101";"948 870114"
"109";"29/11/2023";"9";"9";"Sansol";"Los Arcos - Viana";"C/ Barrionuevo, 2";"Elias Calvo, Ignacio Javier";"F00817";"948648328"
"110";"29/11/2023";"9";"9";"Sunbilla";"Doneztebe/Santesteban";"C/ Mayor, 8";"Iglesias Diago, Olivia";"F00263";"948 450275"
"111";"29/11/2023";"9";"9";"Tafalla";"Tafalla";"C/ Camino Miranda, 8";"Tesan Urchaga, Jose Luis";"F00463";"948 755094"
"112";"30/11/2023";"10";"21";"Artica / Artika";"Pamplona y comarca";"C/ Madres de la Plaza de Mayo, 32. Nuevo Artica";"Aguado Menendez, Carmen";"F00739";"948 307609"
"113";"30/11/2023";"10";"21";"Barañáin / Barañain";"Pamplona y comarca";"Avda Rascacielos, 4. Junto a Caprabo";"Moreno Gil, David";"F00453";"948 281040"
"114";"30/11/2023";"9";"21";"Estella-Lizarra";"Estella";"C/ Carlos II el Malo, 1. Estación autobuses";"Echavarri Pascual, Maria Jose";"F00307";"948555141"
"115";"30/11/2023";"9";"22";"Ezcároz / Ezkaroze";"Isaba - Salazar";"C/ Rochapea, 2";"Vicente Collado, Maria Jose";"F00287";"948 890395"
"116";"30/11/2023";"10";"21";"Huarte / Uharte";"Pamplona y comarca";"C/ Intxaurdia, 5. Centro Comercial Itaroa";"Vallejos Huesa, Maria Josefa";"F00611";"948 357364"
"117";"30/11/2023";"10";"21";"Olague";"Pamplona y comarca";"C/ San Juan, 7. Localización por Tfno. 948226000";"Marcotegui Goñi, Cristina";"F00278";"948 307068"
"118";"30/11/2023";"10";"21";"Pamplona / Iruña";"Pamplona y comarca";"C/ Tudela, 1. Frente al Corte Inglés";"Lorca Mico, Soledad";"F00160";"948 229912"
"119";"30/11/2023";"10";"21";"Pamplona / Iruña";"Pamplona y comarca";"Avda Pío XII, 9";"Muñoz Aramburu, Miren Arantza";"F00141";"948 252895"
"120";"30/11/2023";"10";"21";"Pamplona / Iruña";"Pamplona y comarca";"Ctra. San Sebastián, 1. Hipermercado Eroski";"Valdemoros Erro, Laura";"F00011";"948 303099"
"121";"30/11/2023";"10";"21";"Sarriguren";"Pamplona y comarca";"Avda Erripagaña, 24. Ripagaina. Rotonda LIDL y ALDI";"Rubio Echarte, Santiago";"F00731";"948787058"
"122";"30/11/2023";"10";"21";"Tudela";"Tudela Este - Tudela Oeste";"C/ Don Miguel Eza, 4";"Acacio Mañas, Maria";"F00777";"948789204"
"123";"30/11/2023";"10";"21";"Zubiri";"Pamplona y comarca";"C/ Río Arga, 33";"Liso Aldaz, Maria Jose";"F00255";"948 304226"
"124";"30/11/2023";"21";"10";"Artica / Artika";"Pamplona y comarca";"C/ Madres de la Plaza de Mayo, 32. Nuevo Artica";"Aguado Menendez, Carmen";"F00739";"948 307609"
"125";"30/11/2023";"21";"9";"Estella-Lizarra";"Estella";"C/ San Francisco, 4";"Pascual Blanco, Miguel Angel";"F00420";"948552659"
"126";"30/11/2023";"21";"10";"Pamplona / Iruña";"Pamplona y comarca";"C/ Yanguas y Miranda, 17";"Marfil Garcia, Alberto";"F00205";"948 245030"
"127";"30/11/2023";"21";"10";"Pamplona / Iruña";"Pamplona y comarca";"C/ Irunlarrea, 19. Próx. Virgen del Camino. Mendebaldea";"Menendez Garcia, Graciela";"F00550";"948 198191"
"128";"30/11/2023";"21";"10";"Sarriguren";"Pamplona y comarca";"Avda Erripagaña, 24. Ripagaina. Rotonda LIDL y ALDI";"Rubio Echarte, Santiago";"F00731";"948787058"
"129";"30/11/2023";"21";"10";"Tudela";"Tudela Este - Tudela Oeste";"Pl Azucarera, 5";"Latorre Marco, Raquel";"F00632";"948 402664"
"130";"30/11/2023";"9";"9";"Altsasu / Alsasua";"Altsasu/Alsasua";"C/ Alzania, 1";"Luis de Redin Subira, Maria Rosa";"F00159";"948 562380"
"131";"30/11/2023";"9";"9";"Ancín / Antzin";"Comarca de Estella";"Cra. Vitoria, 20";"Alen Fernandez, Ruben";"F00246";"948 534102"
"132";"30/11/2023";"9";"9";"Aoiz / Agoitz";"Aoiz - Auritz/Burguete";"C/ Domingo Elizondo, 4";"Lera Toston, Maria Yolanda";"F00096";"948 336525"
"133";"30/11/2023";"9";"9";"Azagra";"San Adrián";"Pl de la Constitucion, 1";"Luri Dendarieta, Mª Luisa";"F00575";"948 692150"
"134";"30/11/2023";"9";"9";"Bera";"Lesaka";"Pl de los Fueros, 4";"Fernandez Diez, Arantzazu";"F00353";"948 630631"
"135";"30/11/2023";"9";"9";"Carcastillo";"Carcastillo - Olite";"C/ Mayor, 17";"Arbeloa Zabaleta, Maria Angeles";"F00473";"948 715039"
"136";"30/11/2023";"9";"9";"Cascante";"Buñuel - Cascante";"C/ Victoria, 25";"Galipienzo Jimenez, Marta";"F00369";"948 850742"
"137";"30/11/2023";"9";"9";"Cintruénigo";"Corella - Cintruénigo";"C/ Jose María Ligués, 44";"Lozano Sanchez, Maria Jose";"F00301";"948 815051"
"138";"30/11/2023";"9";"9";"Doneztebe / Santesteban";"Doneztebe/Santesteban";"Ctra. Leiza, 11";"Larrayoz Oses, Susana";"F00437";"948 456096"
"139";"30/11/2023";"9";"9";"Falces";"Peralta";"C/ Corazón de Jesús, 5";"Diaz/Eza Casas/Gascuñana, Mercedes/Victoria";"F00458";"948 734840"
"140";"30/11/2023";"9";"9";"Irurita";"Elizondo";"C/ Mayor, 4B";"Goñi Itoiz, Concepcion";"F00279";"948 452347"
"141";"30/11/2023";"9";"9";"Irurtzun";"Etxarri-Aranatz, Irurtzun, Leitza, Ultzama";"C/ Amaya, 4";"Gastearena/Martirena Arraiza/Miqueo, Miguel/Jorge";"F00387";"948 506149"
"142";"30/11/2023";"9";"9";"Lodosa";"Lodosa";"C/ Los Huertos de Abajo, 3";"Yoldi Perez, Jesusa";"F00438";"948 694635"
"143";"30/11/2023";"9";"9";"Mendigorria";"Puente la Reina";"C/ Bernardino Ayala, 8";"Inchaurraga Casadamon, Laura";"F00248";"948 340312"
"144";"30/11/2023";"9";"9";"Milagro";"Valtierra-Cadreita - Castejón";"C/ Arrabal, 28bajo";"Hernandez Ramiro, Carlos";"F00023";"948 861066"
"145";"30/11/2023";"9";"9";"Miranda de Arga";"Artajona";"C/ La Dehesa, 9";"Elizalde Sesma, Alejandra";"F00675";"948 926094"
"146";"30/11/2023";"9";"9";"Olite / Erriberri";"Carcastillo - Olite";"Pl Del Fosal, 1";"Pellejero Balduz, Maria Jose";"F00433";"948 741830"
"147";"30/11/2023";"9";"9";"Sangüesa / Zangoza";"Sangüesa";"C/ Mayor, 30";"Ruiz Sanchez, Tomas";"F00101";"948 870114"
"148";"30/11/2023";"9";"9";"Sansol";"Los Arcos - Viana";"C/ Barrionuevo, 2";"Elias Calvo, Ignacio Javier";"F00817";"948648328"
"149";"30/11/2023";"9";"9";"Tafalla";"Tafalla";"C/ Camino Miranda, 8";"Tesan Urchaga, Jose Luis";"F00463";"948 755094"
"150";"01/12/2023";"10";"21";"Artica / Artika";"Pamplona y comarca";"C/ Madres de la Plaza de Mayo, 32. Nuevo Artica";"Aguado Menendez, Carmen";"F00739";"948 307609"
"151";"01/12/2023";"10";"21";"Burlada / Burlata";"Pamplona y comarca";"C/ Joaquin Azcárate, 14- Las Maestras, 3";"Iribertegui Villar, Manuel Fermin";"F00199";"948 135440"
"152";"01/12/2023";"9";"21";"Estella-Lizarra";"Estella";"Pl de los Fueros, 8- Pl. San Juan";"Gaston/Lopez de Dicastillo Ortigosa/Perez de Albeniz Sandra/Iranzu";"F00071";"948 550637"
"153";"01/12/2023";"9";"22";"Ezcároz / Ezkaroze";"Isaba - Salazar";"C/ Rochapea, 2";"Vicente Collado, Maria Jose";"F00287";"948 890395"
"154";"01/12/2023";"10";"21";"Pamplona / Iruña";"Pamplona y comarca";"Avda Bayona, 37";"Arriazu Aranceta, Berta";"F00618";"948 252401"
"155";"01/12/2023";"10";"21";"Pamplona / Iruña";"Pamplona y comarca";"C/ Concejo de Olaz, 14. Mendillorri - Fase 2";"Fernandez de Arcaya Gainza, Mª Nieves";"F00455";"948 163215"
"156";"01/12/2023";"10";"21";"Pamplona / Iruña";"Pamplona y comarca";"C/ Yanguas y Miranda, 17";"Marfil Garcia, Alberto";"F00205";"948 245030"
"157";"01/12/2023";"10";"21";"Pamplona / Iruña";"Pamplona y comarca";"Avda Pío XII, 9";"Muñoz Aramburu, Miren Arantza";"F00141";"948 252895"
"158";"01/12/2023";"10";"21";"Pamplona / Iruña";"Pamplona y comarca";"C/ Puente Miluce, 2. C. Comercial Carrefour";"Navarro Zapatero, Maria Eugenia";"F00480";"948 199896"
"159";"01/12/2023";"10";"21";"Tudela";"Tudela Este - Tudela Oeste";"Pº Capuchinas, 33Bajo. Frente a Mercadona.";"Morte Casado, Leticia Alba";"F00761";"948415298"
"160";"01/12/2023";"10";"21";"Zizur Mayor / Zizur Nagusia";"Pamplona y comarca";"C/ Errotaxar, 17";"Viedma Ansa, Nerea";"F00805";"948 020413"
"161";"01/12/2023";"21";"10";"Artica / Artika";"Pamplona y comarca";"C/ Madres de la Plaza de Mayo, 32. Nuevo Artica";"Aguado Menendez, Carmen";"F00739";"948 307609"
"162";"01/12/2023";"21";"9";"Estella-Lizarra";"Estella";"Avda Yerri, 9";"Roncal Garraza, Maria";"F00482";"948 552051"
"163";"01/12/2023";"21";"10";"Pamplona / Iruña";"Pamplona y comarca";"C/ Yanguas y Miranda, 17";"Marfil Garcia, Alberto";"F00205";"948 245030"
"164";"01/12/2023";"21";"10";"Pamplona / Iruña";"Pamplona y comarca";"C/ Irunlarrea, 19. Próx. Virgen del Camino. Mendebaldea";"Menendez Garcia, Graciela";"F00550";"948 198191"
"165";"01/12/2023";"21";"10";"Sarriguren";"Pamplona y comarca";"Avda Erripagaña, 24. Ripagaina. Rotonda LIDL y ALDI";"Rubio Echarte, Santiago";"F00731";"948787058"
"166";"01/12/2023";"21";"10";"Tudela";"Tudela Este - Tudela Oeste";"C/ Tejerías, 1";"Arroyo Lopez, Gabriel Manuel";"F00306";"948 820250"
"167";"01/12/2023";"9";"9";"Altsasu / Alsasua";"Altsasu/Alsasua";"C/ Alzania, 1";"Luis de Redin Subira, Maria Rosa";"F00159";"948 562380"
"168";"01/12/2023";"9";"9";"Ancín / Antzin";"Comarca de Estella";"Cra. Vitoria, 20";"Alen Fernandez, Ruben";"F00246";"948 534102"
"169";"01/12/2023";"9";"9";"Aoiz / Agoitz";"Aoiz - Auritz/Burguete";"C/ Domingo Elizondo, 4";"Lera Toston, Maria Yolanda";"F00096";"948 336525"
"170";"01/12/2023";"9";"9";"Azagra";"San Adrián";"Pl de la Constitucion, 1";"Luri Dendarieta, Mª Luisa";"F00575";"948 692150"
"171";"01/12/2023";"9";"9";"Bera";"Lesaka";"Pl de los Fueros, 4";"Fernandez Diez, Arantzazu";"F00353";"948 630631"
"172";"01/12/2023";"9";"9";"Carcastillo";"Carcastillo - Olite";"C/ Mayor, 17";"Arbeloa Zabaleta, Maria Angeles";"F00473";"948 715039"
"173";"01/12/2023";"9";"9";"Cascante";"Buñuel - Cascante";"C/ Victoria, 25";"Galipienzo Jimenez, Marta";"F00369";"948 850742"
"174";"01/12/2023";"9";"9";"Cintruénigo";"Corella - Cintruénigo";"C/ Jose María Ligués, 44";"Lozano Sanchez, Maria Jose";"F00301";"948 815051"
"175";"01/12/2023";"9";"9";"Doneztebe / Santesteban";"Doneztebe/Santesteban";"C/ Mercaderes, 1";"Mendia Ibarra, Elvira Ainara";"F00082";"948 450092"
"176";"01/12/2023";"9";"9";"Falces";"Peralta";"C/ Corazón de Jesús, 5";"Diaz/Eza Casas/Gascuñana, Mercedes/Victoria";"F00458";"948 734840"
"177";"01/12/2023";"9";"9";"Irurita";"Elizondo";"C/ Mayor, 4B";"Goñi Itoiz, Concepcion";"F00279";"948 452347"
"178";"01/12/2023";"9";"9";"Irurtzun";"Etxarri-Aranatz, Irurtzun, Leitza, Ultzama";"C/ Amaya, 4";"Gastearena/Martirena Arraiza/Miqueo, Miguel/Jorge";"F00387";"948 506149"
"179";"01/12/2023";"9";"9";"Lodosa";"Lodosa";"C/ Los Huertos de Abajo, 3";"Yoldi Perez, Jesusa";"F00438";"948 694635"
"180";"01/12/2023";"9";"9";"Mendigorria";"Puente la Reina";"C/ Bernardino Ayala, 8";"Inchaurraga Casadamon, Laura";"F00248";"948 340312"
"181";"01/12/2023";"9";"9";"Milagro";"Valtierra-Cadreita - Castejón";"C/ Arrabal, 28bajo";"Hernandez Ramiro, Carlos";"F00023";"948 861066"
"182";"01/12/2023";"9";"9";"Miranda de Arga";"Artajona";"C/ La Dehesa, 9";"Elizalde Sesma, Alejandra";"F00675";"948 926094"
"183";"01/12/2023";"9";"9";"Olite / Erriberri";"Carcastillo - Olite";"Pl Del Fosal, 1";"Pellejero Balduz, Maria Jose";"F00433";"948 741830"
"184";"01/12/2023";"9";"9";"Sangüesa / Zangoza";"Sangüesa";"C/ Mayor, 30";"Ruiz Sanchez, Tomas";"F00101";"948 870114"
"185";"01/12/2023";"9";"9";"Sansol";"Los Arcos - Viana";"C/ Barrionuevo, 2";"Elias Calvo, Ignacio Javier";"F00817";"948648328"
"186";"01/12/2023";"9";"9";"Tafalla";"Tafalla";"C/ Camino Miranda, 8";"Tesan Urchaga, Jose Luis";"F00463";"948 755094"
"187";"02/12/2023";"10";"21";"Artica / Artika";"Pamplona y comarca";"C/ Madres de la Plaza de Mayo, 32. Nuevo Artica";"Aguado Menendez, Carmen";"F00739";"948 307609"
"188";"02/12/2023";"9";"21";"Estella-Lizarra";"Estella";"C/ Mayor, 20";"Fernandez Alvarez, Soliña";"F00060";"948 546920"
"189";"02/12/2023";"9";"22";"Ezcároz / Ezkaroze";"Isaba - Salazar";"C/ Rochapea, 2";"Vicente Collado, Maria Jose";"F00287";"948 890395"
"190";"02/12/2023";"10";"21";"Huarte / Uharte";"Pamplona y comarca";"C/ Intxaurdia, 5. Centro Comercial Itaroa";"Vallejos Huesa, Maria Josefa";"F00611";"948 357364"
"191";"02/12/2023";"10";"21";"Pamplona / Iruña";"Pamplona y comarca";"Avda Bayona, 37";"Arriazu Aranceta, Berta";"F00618";"948 252401"
"192";"02/12/2023";"10";"21";"Pamplona / Iruña";"Pamplona y comarca";"C/ Yanguas y Miranda, 17";"Marfil Garcia, Alberto";"F00205";"948 245030"
"193";"02/12/2023";"10";"21";"Pamplona / Iruña";"Pamplona y comarca";"C/ Irunlarrea, 19. Próx. Virgen del Camino. Mendebaldea";"Menendez Garcia, Graciela";"F00550";"948 198191"
"194";"02/12/2023";"10";"21";"Pamplona / Iruña";"Pamplona y comarca";"Avda Pío XII, 9";"Muñoz Aramburu, Miren Arantza";"F00141";"948 252895"
"195";"02/12/2023";"10";"21";"Sarriguren";"Pamplona y comarca";"Avda Erripagaña, 24. Ripagaina. Rotonda LIDL y ALDI";"Rubio Echarte, Santiago";"F00731";"948787058"
"196";"02/12/2023";"10";"21";"Tudela";"Tudela Este - Tudela Oeste";"C/ Griseras, 11";"Riau Ibarz, Rosa";"F00535";"948 820478"
"197";"02/12/2023";"21";"10";"Artica / Artika";"Pamplona y comarca";"C/ Madres de la Plaza de Mayo, 32. Nuevo Artica";"Aguado Menendez, Carmen";"F00739";"948 307609"
"198";"02/12/2023";"21";"9";"Estella-Lizarra";"Estella";"C/ Mayor, 20";"Fernandez Alvarez, Soliña";"F00060";"948 546920"
"199";"02/12/2023";"21";"10";"Pamplona / Iruña";"Pamplona y comarca";"C/ Yanguas y Miranda, 17";"Marfil Garcia, Alberto";"F00205";"948 245030"
"200";"02/12/2023";"21";"10";"Pamplona / Iruña";"Pamplona y comarca";"C/ Irunlarrea, 19. Próx. Virgen del Camino. Mendebaldea";"Menendez Garcia, Graciela";"F00550";"948 198191"
"201";"02/12/2023";"21";"10";"Sarriguren";"Pamplona y comarca";"Avda Erripagaña, 24. Ripagaina. Rotonda LIDL y ALDI";"Rubio Echarte, Santiago";"F00731";"948787058"
"202";"02/12/2023";"21";"10";"Tudela";"Tudela Este - Tudela Oeste";"C/ Griseras, 11";"Riau Ibarz, Rosa";"F00535";"948 820478"
"203";"02/12/2023";"9";"9";"Altsasu / Alsasua";"Altsasu/Alsasua";"C/ Alzania, 1";"Luis de Redin Subira, Maria Rosa";"F00159";"948 562380"
"204";"02/12/2023";"9";"9";"Ancín / Antzin";"Comarca de Estella";"Cra. Vitoria, 20";"Alen Fernandez, Ruben";"F00246";"948 534102"
"205";"02/12/2023";"9";"9";"Aoiz / Agoitz";"Aoiz - Auritz/Burguete";"C/ Domingo Elizondo, 4";"Lera Toston, Maria Yolanda";"F00096";"948 336525"
"206";"02/12/2023";"9";"9";"Bera";"Lesaka";"Pl de los Fueros, 4";"Fernandez Diez, Arantzazu";"F00353";"948 630631"
"207";"02/12/2023";"9";"9";"Carcastillo";"Carcastillo - Olite";"C/ Mayor, 17";"Arbeloa Zabaleta, Maria Angeles";"F00473";"948 715039"
"208";"02/12/2023";"9";"9";"Cascante";"Buñuel - Cascante";"C/ Victoria, 25";"Galipienzo Jimenez, Marta";"F00369";"948 850742"
"209";"02/12/2023";"9";"9";"Cintruénigo";"Corella - Cintruénigo";"C/ Jose María Ligués, 44";"Lozano Sanchez, Maria Jose";"F00301";"948 815051"
"210";"02/12/2023";"9";"9";"Falces";"Peralta";"C/ Corazón de Jesús, 5";"Diaz/Eza Casas/Gascuñana, Mercedes/Victoria";"F00458";"948 734840"
"211";"02/12/2023";"9";"9";"Irurita";"Elizondo";"C/ Mayor, 4B";"Goñi Itoiz, Concepcion";"F00279";"948 452347"
"212";"02/12/2023";"9";"9";"Irurtzun";"Etxarri-Aranatz, Irurtzun, Leitza, Ultzama";"C/ Amaya, 4";"Gastearena/Martirena Arraiza/Miqueo, Miguel/Jorge";"F00387";"948 506149"
"213";"02/12/2023";"9";"9";"Ituren";"Doneztebe/Santesteban";"C/ Consejo, 12";"Ruiz-Lopetedi Rodriguez, Jose Joaquin";"F00272";"948 450968"
"214";"02/12/2023";"9";"9";"Lodosa";"Lodosa";"C/ Los Huertos de Abajo, 3";"Yoldi Perez, Jesusa";"F00438";"948 694635"
"215";"02/12/2023";"9";"9";"Mendigorria";"Puente la Reina";"C/ Bernardino Ayala, 8";"Inchaurraga Casadamon, Laura";"F00248";"948 340312"
"216";"02/12/2023";"9";"9";"Milagro";"Valtierra-Cadreita - Castejón";"C/ Arrabal, 28bajo";"Hernandez Ramiro, Carlos";"F00023";"948 861066"
"217";"02/12/2023";"9";"9";"Miranda de Arga";"Artajona";"C/ La Dehesa, 9";"Elizalde Sesma, Alejandra";"F00675";"948 926094"
"218";"02/12/2023";"9";"9";"Olite / Erriberri";"Carcastillo - Olite";"Pl Del Fosal, 1";"Pellejero Balduz, Maria Jose";"F00433";"948 741830"
"219";"02/12/2023";"9";"9";"San Adrián";"San Adrián";"C/ Santa Gema, 30";"Moreno Sola, Beatriz";"F00533";"948 670111"
"220";"02/12/2023";"9";"9";"Sangüesa / Zangoza";"Sangüesa";"C/ Mayor, 30";"Ruiz Sanchez, Tomas";"F00101";"948 870114"
"221";"02/12/2023";"9";"9";"Sansol";"Los Arcos - Viana";"C/ Barrionuevo, 2";"Elias Calvo, Ignacio Javier";"F00817";"948648328"
"222";"02/12/2023";"9";"9";"Tafalla";"Tafalla";"C/ Camino Miranda, 8";"Tesan Urchaga, Jose Luis";"F00463";"948 755094"
"223";"03/12/2023";"10";"21";"Artica / Artika";"Pamplona y comarca";"C/ Madres de la Plaza de Mayo, 32. Nuevo Artica";"Aguado Menendez, Carmen";"F00739";"948 307609"
"224";"03/12/2023";"9";"21";"Estella-Lizarra";"Estella";"C/ Espoz y Mina, 1. Barrio de San Miguel";"Torres Echeverria, Maria Jose";"F00393";"948 546284"
"225";"03/12/2023";"9";"22";"Ezcároz / Ezkaroze";"Isaba - Salazar";"C/ Rochapea, 2";"Vicente Collado, Maria Jose";"F00287";"948 890395"
"226";"03/12/2023";"10";"21";"Huarte / Uharte";"Pamplona y comarca";"C/ Leandro Azcárate, 7. Esq. Avda. Ugarrandía";"Ilundain Erice, Esperanza";"F00600";"948 360860"
"227";"03/12/2023";"10";"21";"Olague";"Pamplona y comarca";"C/ San Juan, 7. Localización por Tfno. 948226000";"Marcotegui Goñi, Cristina";"F00278";"948 307068"
"228";"03/12/2023";"10";"21";"Pamplona / Iruña";"Pamplona y comarca";"Pº Santa Lucía, 26. Buztintxuri";"Fabo Sangüesa, Estela";"F00665";"948 149215"
"229";"03/12/2023";"10";"21";"Pamplona / Iruña";"Pamplona y comarca";"Avda Sancho el Fuerte, 31";"Gimeno Oses, Maria Pilar";"F00502";"948 198003"
"230";"03/12/2023";"10";"21";"Pamplona / Iruña";"Pamplona y comarca";"Pº Donantes de Sangre, 25";"Kildal Oquiñena, Anne";"F00724";"948 130284"
"231";"03/12/2023";"10";"21";"Pamplona / Iruña";"Pamplona y comarca";"C/ Yanguas y Miranda, 17";"Marfil Garcia, Alberto";"F00205";"948 245030"
"232";"03/12/2023";"10";"21";"Pamplona / Iruña";"Pamplona y comarca";"C/ Irunlarrea, 19. Próx. Virgen del Camino. Mendebaldea";"Menendez Garcia, Graciela";"F00550";"948 198191"
"233";"03/12/2023";"10";"21";"Sarriguren";"Pamplona y comarca";"Avda Erripagaña, 24. Ripagaina. Rotonda LIDL y ALDI";"Rubio Echarte, Santiago";"F00731";"948787058"
"234";"03/12/2023";"10";"21";"Tudela";"Tudela Este - Tudela Oeste";"C/ San Marcial, 16. Esq. Paseo de Invierno";"Medrano/Prada Villar/Rondan, Angeles/Jesus A.";"F00499";"948 847559"
"235";"03/12/2023";"21";"10";"Artica / Artika";"Pamplona y comarca";"C/ Madres de la Plaza de Mayo, 32. Nuevo Artica";"Aguado Menendez, Carmen";"F00739";"948 307609"
"236";"03/12/2023";"21";"9";"Estella-Lizarra";"Estella";"C/ Espoz y Mina, 1. Barrio de San Miguel";"Torres Echeverria, Maria Jose";"F00393";"948 546284"
"237";"03/12/2023";"21";"10";"Pamplona / Iruña";"Pamplona y comarca";"C/ Yanguas y Miranda, 17";"Marfil Garcia, Alberto";"F00205";"948 245030"
"238";"03/12/2023";"21";"10";"Pamplona / Iruña";"Pamplona y comarca";"C/ Irunlarrea, 19. Próx. Virgen del Camino. Mendebaldea";"Menendez Garcia, Graciela";"F00550";"948 198191"
"239";"03/12/2023";"21";"10";"Sarriguren";"Pamplona y comarca";"Avda Erripagaña, 24. Ripagaina. Rotonda LIDL y ALDI";"Rubio Echarte, Santiago";"F00731";"948787058"
"240";"03/12/2023";"21";"10";"Tudela";"Tudela Este - Tudela Oeste";"C/ San Marcial, 16. Esq. Paseo de Invierno";"Medrano/Prada Villar/Rondan, Angeles/Jesus A.";"F00499";"948 847559"
"241";"03/12/2023";"9";"9";"Altsasu / Alsasua";"Altsasu/Alsasua";"C/ Alzania, 1";"Luis de Redin Subira, Maria Rosa";"F00159";"948 562380"
"242";"03/12/2023";"9";"9";"Ancín / Antzin";"Comarca de Estella";"Cra. Vitoria, 20";"Alen Fernandez, Ruben";"F00246";"948 534102"
"243";"03/12/2023";"9";"9";"Aoiz / Agoitz";"Aoiz - Auritz/Burguete";"C/ Domingo Elizondo, 4";"Lera Toston, Maria Yolanda";"F00096";"948 336525"
"244";"03/12/2023";"9";"9";"Bera";"Lesaka";"Pl de los Fueros, 4";"Fernandez Diez, Arantzazu";"F00353";"948 630631"
"245";"03/12/2023";"9";"9";"Carcastillo";"Carcastillo - Olite";"C/ Mayor, 17";"Arbeloa Zabaleta, Maria Angeles";"F00473";"948 715039"
"246";"03/12/2023";"9";"9";"Cascante";"Buñuel - Cascante";"C/ Victoria, 25";"Galipienzo Jimenez, Marta";"F00369";"948 850742"
"247";"03/12/2023";"9";"9";"Cintruénigo";"Corella - Cintruénigo";"C/ Jose María Ligués, 44";"Lozano Sanchez, Maria Jose";"F00301";"948 815051"
"248";"03/12/2023";"9";"9";"Falces";"Peralta";"C/ Corazón de Jesús, 5";"Diaz/Eza Casas/Gascuñana, Mercedes/Victoria";"F00458";"948 734840"
"249";"03/12/2023";"9";"9";"Irurita";"Elizondo";"C/ Mayor, 4B";"Goñi Itoiz, Concepcion";"F00279";"948 452347"
"250";"03/12/2023";"9";"9";"Irurtzun";"Etxarri-Aranatz, Irurtzun, Leitza, Ultzama";"C/ Amaya, 4";"Gastearena/Martirena Arraiza/Miqueo, Miguel/Jorge";"F00387";"948 506149"
"251";"03/12/2023";"9";"9";"Ituren";"Doneztebe/Santesteban";"C/ Consejo, 12";"Ruiz-Lopetedi Rodriguez, Jose Joaquin";"F00272";"948 450968"
"252";"03/12/2023";"9";"9";"Lodosa";"Lodosa";"C/ Los Huertos de Abajo, 3";"Yoldi Perez, Jesusa";"F00438";"948 694635"
"253";"03/12/2023";"9";"9";"Mendigorria";"Puente la Reina";"C/ Bernardino Ayala, 8";"Inchaurraga Casadamon, Laura";"F00248";"948 340312"
"254";"03/12/2023";"9";"9";"Milagro";"Valtierra-Cadreita - Castejón";"C/ Arrabal, 28bajo";"Hernandez Ramiro, Carlos";"F00023";"948 861066"
"255";"03/12/2023";"9";"9";"Miranda de Arga";"Artajona";"C/ La Dehesa, 9";"Elizalde Sesma, Alejandra";"F00675";"948 926094"
"256";"03/12/2023";"9";"9";"Olite / Erriberri";"Carcastillo - Olite";"Pl Del Fosal, 1";"Pellejero Balduz, Maria Jose";"F00433";"948 741830"
"257";"03/12/2023";"9";"9";"San Adrián";"San Adrián";"C/ Santa Gema, 30";"Moreno Sola, Beatriz";"F00533";"948 670111"
"258";"03/12/2023";"9";"9";"Sangüesa / Zangoza";"Sangüesa";"C/ Mayor, 30";"Ruiz Sanchez, Tomas";"F00101";"948 870114"
"259";"03/12/2023";"9";"9";"Sansol";"Los Arcos - Viana";"C/ Barrionuevo, 2";"Elias Calvo, Ignacio Javier";"F00817";"948648328"
"260";"03/12/2023";"9";"9";"Tafalla";"Tafalla";"C/ Camino Miranda, 8";"Tesan Urchaga, Jose Luis";"F00463";"948 755094"
"261";"04/12/2023";"9";"22";"Aribe";"Aoiz - Auritz/Burguete";"C/ Santa María, 24";"De Carlos Iriarte, Maria Carmen";"F00273";"948 764209"
"262";"04/12/2023";"10";"21";"Artica / Artika";"Pamplona y comarca";"C/ Madres de la Plaza de Mayo, 32. Nuevo Artica";"Aguado Menendez, Carmen";"F00739";"948 307609"
"263";"04/12/2023";"9";"21";"Estella-Lizarra";"Estella";"C/ Arieta, 11";"Nagore Solano, Marta";"F00503";"948 555381"
"264";"04/12/2023";"9";"22";"Larraintzar";"Etxarri-Aranatz, Irurtzun, Leitza, Ultzama";"C/ San Pedro, 36";"Aquerreta Ferraz, Jose Antonio";"F00143";"948 305108"
"265";"04/12/2023";"10";"21";"Pamplona / Iruña";"Pamplona y comarca";"C/ Sancho Ramírez, 3. Entre Gasolinera Pío XII - Planetario";"Almagro Fernandez-Blanco , Inmaculada";"F00229";"948 271069"
"266";"04/12/2023";"10";"21";"Pamplona / Iruña";"Pamplona y comarca";"C/ Abejeras, 47";"Funes Barbarin, Gabriel Maria";"F00612";"948 234049"
"267";"04/12/2023";"10";"21";"Pamplona / Iruña";"Pamplona y comarca";"C/ Yanguas y Miranda, 17";"Marfil Garcia, Alberto";"F00205";"948 245030"
"268";"04/12/2023";"10";"21";"Pamplona / Iruña";"Pamplona y comarca";"C/ Cuenca de Pamplona, 53. Chantrea";"Martin Sedano, Maria Asuncion";"F00457";"948 315509"
"269";"04/12/2023";"10";"21";"Pamplona / Iruña";"Pamplona y comarca";"Ctra. San Sebastián, 1. Hipermercado Eroski";"Valdemoros Erro, Laura";"F00011";"948 303099"
"270";"04/12/2023";"9";"22";"Roncal / Erronkari";"Isaba - Salazar";"Bº Iriartea, 39";"San Juan Elizondo, Javier";"F00277";"948 475152"
"271";"04/12/2023";"10";"21";"Sarriguren";"Pamplona y comarca";"C/ Badostain, 1";"Fernandez Ejea, Marta";"F00673";"948 804333"
"272";"04/12/2023";"10";"21";"Tudela";"Tudela Este - Tudela Oeste";"C/ El Fronton, 7";"Lopez Lopez, Manuel";"F00573";"948 402606"
"273";"04/12/2023";"21";"10";"Artica / Artika";"Pamplona y comarca";"C/ Madres de la Plaza de Mayo, 32. Nuevo Artica";"Aguado Menendez, Carmen";"F00739";"948 307609"
"274";"04/12/2023";"21";"9";"Estella-Lizarra";"Estella";"C/ Arieta, 11";"Nagore Solano, Marta";"F00503";"948 555381"
"275";"04/12/2023";"21";"10";"Pamplona / Iruña";"Pamplona y comarca";"C/ Yanguas y Miranda, 17";"Marfil Garcia, Alberto";"F00205";"948 245030"
"276";"04/12/2023";"21";"10";"Pamplona / Iruña";"Pamplona y comarca";"C/ Irunlarrea, 19. Próx. Virgen del Camino. Mendebaldea";"Menendez Garcia, Graciela";"F00550";"948 198191"
"277";"04/12/2023";"21";"10";"Sarriguren";"Pamplona y comarca";"Avda Erripagaña, 24. Ripagaina. Rotonda LIDL y ALDI";"Rubio Echarte, Santiago";"F00731";"948787058"
"278";"04/12/2023";"21";"10";"Tudela";"Tudela Este - Tudela Oeste";"C/ El Fronton, 7";"Lopez Lopez, Manuel";"F00573";"948 402606"
"279";"04/12/2023";"9";"9";"Altsasu / Alsasua";"Altsasu/Alsasua";"Trva Intxostia, 3";"Urbizu Azazeta, Idoia";"F00481";"948 563450"
"280";"04/12/2023";"9";"9";"Bera";"Lesaka";"C/ Bidasoa, 43";"Lasaga Recondo, Aloña";"F00362";"948 625026"
"281";"04/12/2023";"9";"9";"Cabredo";"Los Arcos - Viana";"C/ Mayor, 8. Junto a la Iglesia";"Lumbreras Casis, Isabel";"F00317";"948 444061"
"282";"04/12/2023";"9";"9";"Caparroso";"Carcastillo - Olite";"C/ Constitucion, 14";"Aicua Redondo, Laura";"F00744";"948933331"
"283";"04/12/2023";"9";"9";"Cáseda";"Sangüesa";"C/ Nueva, 1";"Larriba Alastuey, Javier";"F00254";"948 879286"
"284";"04/12/2023";"9";"9";"Corella";"Corella - Cintruénigo";"Pl Fueros, 2";"Poyales Morales, Elena";"F00094";"948 780017"
"285";"04/12/2023";"9";"9";"Cortes";"Buñuel - Cascante";"C/ San Miguel, 42";"Puig Zafon, Virginia";"F00462";"948 800622"
"286";"04/12/2023";"9";"9";"Doneztebe / Santesteban";"Doneztebe/Santesteban";"C/ Mercaderes, 1";"Mendia Ibarra, Elvira Ainara";"F00082";"948 450092"
"287";"04/12/2023";"9";"9";"Goizueta";"Etxarri-Aranatz, Irurtzun, Leitza, Ultzama";"C/ Mayor, 64";"Apecechea Lizaso, Luis Miguel";"F00104";"948 514353"
"288";"04/12/2023";"9";"9";"Larraga";"Artajona";"C/ Palanquera, 18";"Los Arcos Garcia, Maria Jesus";"F00471";"948 711236"
"289";"04/12/2023";"9";"9";"Lekunberri";"Etxarri-Aranatz, Irurtzun, Leitza, Ultzama";"C/ Aralar, 43";"Zubiria Azpiroz, Maialen";"F00127";"948 504062"
"290";"04/12/2023";"9";"9";"Lezaun";"Comarca de Estella";"Pl Mayor, 3";"Ros Nestares, Carlos Javier";"F00325";"948 542272"
"291";"04/12/2023";"9";"9";"Los Arcos";"Los Arcos - Viana";"C/ Mayor, 27";"Ochoa Cortazar, Eva Maria";"F00375";"948 640786"
"292";"04/12/2023";"9";"9";"Mañeru";"Puente la Reina";"Pl de los Fueros, 1";"Alegre Navarro, Jaione";"F00266";"948 340771"
"293";"04/12/2023";"9";"9";"Mendavia";"Lodosa";"C/ Mayor, 4";"Sagredo Loitegui, Cristina";"F00579";"948 695020"
"294";"04/12/2023";"9";"9";"Oronoz";"Elizondo";"C/ Santa María, 33";"Mariñelarena Apezteguia, Patricia";"F00442";"948 592327"
"295";"04/12/2023";"9";"9";"Peralta / Azkoien";"Peralta";"C/ Irurzun, 10";"Irisarri Moreno, Cristina";"F00518";"948 753192"
"296";"04/12/2023";"9";"9";"San Adrián";"San Adrián";"C/ Santa Gema, 30";"Moreno Sola, Beatriz";"F00533";"948 670111"
"297";"04/12/2023";"9";"9";"Tafalla";"Tafalla";"Polig Fuente del Rey, 11. Junto a Eroski";"Marco Apesteguia, Cristina";"F00601";"948 704137"
"298";"04/12/2023";"9";"9";"Urdazubi / Urdax";"Elizondo";"C/ Barrio Dancharinea, 14";"Altamirano Veron, Hilda Valle";"F00249";"948 599190"
"299";"04/12/2023";"9";"9";"Valtierra";"Valtierra-Cadreita - Castejón";"Pl de los Derechos Humanos, 3";"Saez de Jauregui Urdanoz, Pedro";"F00507";"948 843224"
"300";"05/12/2023";"9";"22";"Aribe";"Aoiz - Auritz/Burguete";"C/ Santa María, 24";"De Carlos Iriarte, Maria Carmen";"F00273";"948 764209"
"301";"05/12/2023";"10";"21";"Artica / Artika";"Pamplona y comarca";"C/ Madres de la Plaza de Mayo, 32. Nuevo Artica";"Aguado Menendez, Carmen";"F00739";"948 307609"
"302";"05/12/2023";"10";"21";"Cordovilla";"Pamplona y comarca";"Bº La Morea, s/n. C.Comercial Leclerc";"Aranguren Letamendia, Emilia";"F00311";"948 152626"
"303";"05/12/2023";"9";"21";"Estella-Lizarra";"Estella";"C/ Baja Navarra, 7";"Goyache Sainz de Vicuña, Maria del Mar";"F00026";"948 550231"
"304";"05/12/2023";"10";"21";"Huarte / Uharte";"Pamplona y comarca";"C/ Intxaurdia, 5. Centro Comercial Itaroa";"Vallejos Huesa, Maria Josefa";"F00611";"948 357364"
"305";"05/12/2023";"9";"22";"Larraintzar";"Etxarri-Aranatz, Irurtzun, Leitza, Ultzama";"C/ San Pedro, 36";"Aquerreta Ferraz, Jose Antonio";"F00143";"948 305108"
"306";"05/12/2023";"10";"21";"Pamplona / Iruña";"Pamplona y comarca";"C/ Tudela, 1. Frente al Corte Inglés";"Lorca Mico, Soledad";"F00160";"948 229912"
"307";"05/12/2023";"10";"21";"Pamplona / Iruña";"Pamplona y comarca";"Avda Pío XII, 9";"Muñoz Aramburu, Miren Arantza";"F00141";"948 252895"
"308";"05/12/2023";"10";"21";"Pamplona / Iruña";"Pamplona y comarca";"Ctra. San Sebastián, 1. Hipermercado Eroski";"Valdemoros Erro, Laura";"F00011";"948 303099"
"309";"05/12/2023";"10";"21";"Pamplona / Iruña";"Pamplona y comarca";"Avda Barañain, 17. Frente a Cines Golem";"Villot Varela, Elena";"F00728";"948 278810"
"310";"05/12/2023";"9";"22";"Roncal / Erronkari";"Isaba - Salazar";"Bº Iriartea, 39";"San Juan Elizondo, Javier";"F00277";"948 475152"
"311";"05/12/2023";"10";"21";"Tudela";"Tudela Este - Tudela Oeste";"C/ Don Miguel Eza, 4";"Acacio Mañas, Maria";"F00777";"948789204"
"312";"05/12/2023";"21";"10";"Artica / Artika";"Pamplona y comarca";"C/ Madres de la Plaza de Mayo, 32. Nuevo Artica";"Aguado Menendez, Carmen";"F00739";"948 307609"
"313";"05/12/2023";"21";"9";"Estella-Lizarra";"Estella";"Pl Amaiur, 2. Entrada también por Carlos VII.";"Aguirre Encinas, Oihana";"F00763";"948551891"
"314";"05/12/2023";"21";"10";"Pamplona / Iruña";"Pamplona y comarca";"C/ Yanguas y Miranda, 17";"Marfil Garcia, Alberto";"F00205";"948 245030"
"315";"05/12/2023";"21";"10";"Pamplona / Iruña";"Pamplona y comarca";"C/ Irunlarrea, 19. Próx. Virgen del Camino. Mendebaldea";"Menendez Garcia, Graciela";"F00550";"948 198191"
"316";"05/12/2023";"21";"10";"Sarriguren";"Pamplona y comarca";"Avda Erripagaña, 24. Ripagaina. Rotonda LIDL y ALDI";"Rubio Echarte, Santiago";"F00731";"948787058"
"317";"05/12/2023";"21";"10";"Tudela";"Tudela Este - Tudela Oeste";"C/ Concarera, 12. Plaza del mercado";"Mantilla Blanco, Alberto";"F00568";"948 847026"
"318";"05/12/2023";"9";"9";"Altsasu / Alsasua";"Altsasu/Alsasua";"Trva Intxostia, 3";"Urbizu Azazeta, Idoia";"F00481";"948 563450"
"319";"05/12/2023";"9";"9";"Bera";"Lesaka";"C/ Bidasoa, 43";"Lasaga Recondo, Aloña";"F00362";"948 625026"
"320";"05/12/2023";"9";"9";"Cabredo";"Los Arcos - Viana";"C/ Mayor, 8. Junto a la Iglesia";"Lumbreras Casis, Isabel";"F00317";"948 444061"
"321";"05/12/2023";"9";"9";"Caparroso";"Carcastillo - Olite";"C/ Constitucion, 14";"Aicua Redondo, Laura";"F00744";"948933331"
"322";"05/12/2023";"9";"9";"Cáseda";"Sangüesa";"C/ Nueva, 1";"Larriba Alastuey, Javier";"F00254";"948 879286"
"323";"05/12/2023";"9";"9";"Corella";"Corella - Cintruénigo";"Pl Fueros, 2";"Poyales Morales, Elena";"F00094";"948 780017"
"324";"05/12/2023";"9";"9";"Cortes";"Buñuel - Cascante";"C/ San Miguel, 42";"Puig Zafon, Virginia";"F00462";"948 800622"
"325";"05/12/2023";"9";"9";"Goizueta";"Etxarri-Aranatz, Irurtzun, Leitza, Ultzama";"C/ Mayor, 64";"Apecechea Lizaso, Luis Miguel";"F00104";"948 514353"
"326";"05/12/2023";"9";"9";"Ituren";"Doneztebe/Santesteban";"C/ Consejo, 12";"Ruiz-Lopetedi Rodriguez, Jose Joaquin";"F00272";"948 450968"
"327";"05/12/2023";"9";"9";"Larraga";"Artajona";"C/ Palanquera, 18";"Los Arcos Garcia, Maria Jesus";"F00471";"948 711236"
"328";"05/12/2023";"9";"9";"Lekunberri";"Etxarri-Aranatz, Irurtzun, Leitza, Ultzama";"C/ Aralar, 43";"Zubiria Azpiroz, Maialen";"F00127";"948 504062"
"329";"05/12/2023";"9";"9";"Lezaun";"Comarca de Estella";"Pl Mayor, 3";"Ros Nestares, Carlos Javier";"F00325";"948 542272"
"330";"05/12/2023";"9";"9";"Los Arcos";"Los Arcos - Viana";"C/ Mayor, 27";"Ochoa Cortazar, Eva Maria";"F00375";"948 640786"
"331";"05/12/2023";"9";"9";"Mañeru";"Puente la Reina";"Pl de los Fueros, 1";"Alegre Navarro, Jaione";"F00266";"948 340771"
"332";"05/12/2023";"9";"9";"Mendavia";"Lodosa";"C/ Mayor, 4";"Sagredo Loitegui, Cristina";"F00579";"948 695020"
"333";"05/12/2023";"9";"9";"Oronoz";"Elizondo";"C/ Santa María, 33";"Mariñelarena Apezteguia, Patricia";"F00442";"948 592327"
"334";"05/12/2023";"9";"9";"Peralta / Azkoien";"Peralta";"C/ Irurzun, 10";"Irisarri Moreno, Cristina";"F00518";"948 753192"
"335";"05/12/2023";"9";"9";"San Adrián";"San Adrián";"C/ Santa Gema, 30";"Moreno Sola, Beatriz";"F00533";"948 670111"
"336";"05/12/2023";"9";"9";"Tafalla";"Tafalla";"Polig Fuente del Rey, 11. Junto a Eroski";"Marco Apesteguia, Cristina";"F00601";"948 704137"
"337";"05/12/2023";"9";"9";"Urdazubi / Urdax";"Elizondo";"C/ Barrio Dancharinea, 14";"Altamirano Veron, Hilda Valle";"F00249";"948 599190"
"338";"05/12/2023";"9";"9";"Valtierra";"Valtierra-Cadreita - Castejón";"Pl de los Derechos Humanos, 3";"Saez de Jauregui Urdanoz, Pedro";"F00507";"948 843224"
"339";"06/12/2023";"9";"22";"Aribe";"Aoiz - Auritz/Burguete";"C/ Santa María, 24";"De Carlos Iriarte, Maria Carmen";"F00273";"948 764209"
"340";"06/12/2023";"10";"21";"Artica / Artika";"Pamplona y comarca";"C/ Madres de la Plaza de Mayo, 32. Nuevo Artica";"Aguado Menendez, Carmen";"F00739";"948 307609"
"341";"06/12/2023";"9";"21";"Estella-Lizarra";"Estella";"C/ Dr. Huarte de San Juan, 6";"Arza Elorz, Rafael";"F00520";"948 550758"
"342";"06/12/2023";"10";"21";"Gorraiz";"Pamplona y comarca";"Pl del Palacio, 8. Junto al castillo";"Iraizoz Irigoyen, Ana Maria";"F00381";"948 337313"
"343";"06/12/2023";"9";"22";"Larraintzar";"Etxarri-Aranatz, Irurtzun, Leitza, Ultzama";"C/ San Pedro, 36";"Aquerreta Ferraz, Jose Antonio";"F00143";"948 305108"
"344";"06/12/2023";"10";"21";"Pamplona / Iruña";"Pamplona y comarca";"C/ Ventura Rodríguez, 110- Pº Santa Lucía. Buztintxuri";"El Idrissi El Morabet, Abdellatif";"F00531";"948 070485"
"345";"06/12/2023";"10";"21";"Pamplona / Iruña";"Pamplona y comarca";"Avda Pío XII, 18";"Garmendia Leiza, Estibaliz";"F00558";"948 365279"
"346";"06/12/2023";"10";"21";"Pamplona / Iruña";"Pamplona y comarca";"C/ Nueva, 1- Plaza del Ayuntamiento";"Maeztu Goicoechea, Laura";"F00087";"948 221659"
"347";"06/12/2023";"10";"21";"Pamplona / Iruña";"Pamplona y comarca";"C/ Irunlarrea, 19. Próx. Virgen del Camino. Mendebaldea";"Menendez Garcia, Graciela";"F00550";"948 198191"
"348";"06/12/2023";"9";"22";"Roncal / Erronkari";"Isaba - Salazar";"Bº Iriartea, 39";"San Juan Elizondo, Javier";"F00277";"948 475152"
"349";"06/12/2023";"10";"21";"Sarriguren";"Pamplona y comarca";"Avda Erripagaña, 24. Ripagaina. Rotonda LIDL y ALDI";"Rubio Echarte, Santiago";"F00731";"948787058"
"350";"06/12/2023";"10";"21";"Tudela";"Tudela Este - Tudela Oeste";"C/ Amigos del País, 2. Esq. Díaz Bravo, 27";"Margallo Lana, Rosario";"F00048";"948 411649"
"351";"06/12/2023";"21";"10";"Artica / Artika";"Pamplona y comarca";"C/ Madres de la Plaza de Mayo, 32. Nuevo Artica";"Aguado Menendez, Carmen";"F00739";"948 307609"
"352";"06/12/2023";"21";"9";"Estella-Lizarra";"Estella";"C/ Dr. Huarte de San Juan, 6";"Arza Elorz, Rafael";"F00520";"948 550758"
"353";"06/12/2023";"21";"10";"Pamplona / Iruña";"Pamplona y comarca";"C/ Yanguas y Miranda, 17";"Marfil Garcia, Alberto";"F00205";"948 245030"
"354";"06/12/2023";"21";"10";"Pamplona / Iruña";"Pamplona y comarca";"C/ Irunlarrea, 19. Próx. Virgen del Camino. Mendebaldea";"Menendez Garcia, Graciela";"F00550";"948 198191"
"355";"06/12/2023";"21";"10";"Sarriguren";"Pamplona y comarca";"Avda Erripagaña, 24. Ripagaina. Rotonda LIDL y ALDI";"Rubio Echarte, Santiago";"F00731";"948787058"
"356";"06/12/2023";"21";"10";"Tudela";"Tudela Este - Tudela Oeste";"C/ Amigos del País, 2. Esq. Díaz Bravo, 27";"Margallo Lana, Rosario";"F00048";"948 411649"
"357";"06/12/2023";"9";"9";"Altsasu / Alsasua";"Altsasu/Alsasua";"Trva Intxostia, 3";"Urbizu Azazeta, Idoia";"F00481";"948 563450"
"358";"06/12/2023";"9";"9";"Bera";"Lesaka";"C/ Bidasoa, 43";"Lasaga Recondo, Aloña";"F00362";"948 625026"
"359";"06/12/2023";"9";"9";"Cabredo";"Los Arcos - Viana";"C/ Mayor, 8. Junto a la Iglesia";"Lumbreras Casis, Isabel";"F00317";"948 444061"
"360";"06/12/2023";"9";"9";"Caparroso";"Carcastillo - Olite";"C/ Constitucion, 14";"Aicua Redondo, Laura";"F00744";"948933331"
"361";"06/12/2023";"9";"9";"Cáseda";"Sangüesa";"C/ Nueva, 1";"Larriba Alastuey, Javier";"F00254";"948 879286"
"362";"06/12/2023";"9";"9";"Corella";"Corella - Cintruénigo";"Pl Fueros, 2";"Poyales Morales, Elena";"F00094";"948 780017"
"363";"06/12/2023";"9";"9";"Cortes";"Buñuel - Cascante";"C/ San Miguel, 42";"Puig Zafon, Virginia";"F00462";"948 800622"
"364";"06/12/2023";"9";"9";"Doneztebe / Santesteban";"Doneztebe/Santesteban";"C/ Mayor, 6";"Echarte Subizar, Maider";"F00396";"948 456169"
"365";"06/12/2023";"9";"9";"Goizueta";"Etxarri-Aranatz, Irurtzun, Leitza, Ultzama";"C/ Mayor, 64";"Apecechea Lizaso, Luis Miguel";"F00104";"948 514353"
"366";"06/12/2023";"9";"9";"Larraga";"Artajona";"C/ Palanquera, 18";"Los Arcos Garcia, Maria Jesus";"F00471";"948 711236"
"367";"06/12/2023";"9";"9";"Lekunberri";"Etxarri-Aranatz, Irurtzun, Leitza, Ultzama";"C/ Aralar, 43";"Zubiria Azpiroz, Maialen";"F00127";"948 504062"
"368";"06/12/2023";"9";"9";"Lezaun";"Comarca de Estella";"Pl Mayor, 3";"Ros Nestares, Carlos Javier";"F00325";"948 542272"
"369";"06/12/2023";"9";"9";"Los Arcos";"Los Arcos - Viana";"C/ Mayor, 27";"Ochoa Cortazar, Eva Maria";"F00375";"948 640786"
"370";"06/12/2023";"9";"9";"Mañeru";"Puente la Reina";"Pl de los Fueros, 1";"Alegre Navarro, Jaione";"F00266";"948 340771"
"371";"06/12/2023";"9";"9";"Mendavia";"Lodosa";"C/ Mayor, 4";"Sagredo Loitegui, Cristina";"F00579";"948 695020"
"372";"06/12/2023";"9";"9";"Oronoz";"Elizondo";"C/ Santa María, 33";"Mariñelarena Apezteguia, Patricia";"F00442";"948 592327"
"373";"06/12/2023";"9";"9";"Peralta / Azkoien";"Peralta";"C/ Irurzun, 10";"Irisarri Moreno, Cristina";"F00518";"948 753192"
"374";"06/12/2023";"9";"9";"San Adrián";"San Adrián";"C/ Santa Gema, 30";"Moreno Sola, Beatriz";"F00533";"948 670111"
"375";"06/12/2023";"9";"9";"Tafalla";"Tafalla";"Polig Fuente del Rey, 11. Junto a Eroski";"Marco Apesteguia, Cristina";"F00601";"948 704137"
"376";"06/12/2023";"9";"9";"Urdazubi / Urdax";"Elizondo";"C/ Barrio Dancharinea, 14";"Altamirano Veron, Hilda Valle";"F00249";"948 599190"
"377";"06/12/2023";"9";"9";"Valtierra";"Valtierra-Cadreita - Castejón";"Pl de los Derechos Humanos, 3";"Saez de Jauregui Urdanoz, Pedro";"F00507";"948 843224"
"378";"07/12/2023";"9";"22";"Aribe";"Aoiz - Auritz/Burguete";"C/ Santa María, 24";"De Carlos Iriarte, Maria Carmen";"F00273";"948 764209"
"379";"07/12/2023";"10";"21";"Artica / Artika";"Pamplona y comarca";"C/ Madres de la Plaza de Mayo, 32. Nuevo Artica";"Aguado Menendez, Carmen";"F00739";"948 307609"
"380";"07/12/2023";"10";"21";"Barañáin / Barañain";"Pamplona y comarca";"Avda Comercial, 4. Junto a Centro Salud";"Cubillas Barricart, Beatriz";"F00183";"948 254733"
"381";"07/12/2023";"9";"21";"Estella-Lizarra";"Estella";"C/ Carlos II el Malo, 1. Estación autobuses";"Echavarri Pascual, Maria Jose";"F00307";"948555141"
"382";"07/12/2023";"9";"22";"Larraintzar";"Etxarri-Aranatz, Irurtzun, Leitza, Ultzama";"C/ San Pedro, 36";"Aquerreta Ferraz, Jose Antonio";"F00143";"948 305108"
"383";"07/12/2023";"10";"21";"Pamplona / Iruña";"Pamplona y comarca";"C/ Yanguas y Miranda, 17";"Marfil Garcia, Alberto";"F00205";"948 245030"
"384";"07/12/2023";"10";"21";"Pamplona / Iruña";"Pamplona y comarca";"Pl Puente la Reina, 12. Chantrea";"Martinez Subiza, Laura";"F00164";"948 125573"
"385";"07/12/2023";"10";"21";"Pamplona / Iruña";"Pamplona y comarca";"Avda Pío XII, 9";"Muñoz Aramburu, Miren Arantza";"F00141";"948 252895"
"386";"07/12/2023";"10";"21";"Pamplona / Iruña";"Pamplona y comarca";"Ctra. San Sebastián, 1. Hipermercado Eroski";"Valdemoros Erro, Laura";"F00011";"948 303099"
"387";"07/12/2023";"9";"22";"Roncal / Erronkari";"Isaba - Salazar";"Bº Iriartea, 39";"San Juan Elizondo, Javier";"F00277";"948 475152"
"388";"07/12/2023";"10";"21";"Sarriguren";"Pamplona y comarca";"Avda Erripagaña, 24. Ripagaina. Rotonda LIDL y ALDI";"Rubio Echarte, Santiago";"F00731";"948787058"
"389";"07/12/2023";"10";"21";"Tudela";"Tudela Este - Tudela Oeste";"C/ Manresa, 12. Junto al C. de Salud Santa Ana";"Marin Ciria, Eva Maria";"F00548";"948 403258"
"390";"07/12/2023";"21";"10";"Artica / Artika";"Pamplona y comarca";"C/ Madres de la Plaza de Mayo, 32. Nuevo Artica";"Aguado Menendez, Carmen";"F00739";"948 307609"
"391";"07/12/2023";"21";"9";"Estella-Lizarra";"Estella";"C/ Fray Diego, 15";"Berraondo Aramendia, Marina";"F00521";"948 556944"
"392";"07/12/2023";"21";"10";"Pamplona / Iruña";"Pamplona y comarca";"C/ Yanguas y Miranda, 17";"Marfil Garcia, Alberto";"F00205";"948 245030"
"393";"07/12/2023";"21";"10";"Pamplona / Iruña";"Pamplona y comarca";"C/ Irunlarrea, 19. Próx. Virgen del Camino. Mendebaldea";"Menendez Garcia, Graciela";"F00550";"948 198191"
"394";"07/12/2023";"21";"10";"Sarriguren";"Pamplona y comarca";"Avda Erripagaña, 24. Ripagaina. Rotonda LIDL y ALDI";"Rubio Echarte, Santiago";"F00731";"948787058"
"395";"07/12/2023";"21";"10";"Tudela";"Tudela Este - Tudela Oeste";"C/ Manresa, 12. Junto al C. de Salud Santa Ana";"Marin Ciria, Eva Maria";"F00548";"948 403258"
"396";"07/12/2023";"9";"9";"Altsasu / Alsasua";"Altsasu/Alsasua";"Trva Intxostia, 3";"Urbizu Azazeta, Idoia";"F00481";"948 563450"
"397";"07/12/2023";"9";"9";"Bera";"Lesaka";"C/ Bidasoa, 43";"Lasaga Recondo, Aloña";"F00362";"948 625026"
"398";"07/12/2023";"9";"9";"Cabredo";"Los Arcos - Viana";"C/ Mayor, 8. Junto a la Iglesia";"Lumbreras Casis, Isabel";"F00317";"948 444061"
"399";"07/12/2023";"9";"9";"Caparroso";"Carcastillo - Olite";"C/ Constitucion, 14";"Aicua Redondo, Laura";"F00744";"948933331"
"400";"07/12/2023";"9";"9";"Cáseda";"Sangüesa";"C/ Nueva, 1";"Larriba Alastuey, Javier";"F00254";"948 879286"
"401";"07/12/2023";"9";"9";"Corella";"Corella - Cintruénigo";"Pl Fueros, 2";"Poyales Morales, Elena";"F00094";"948 780017"
"402";"07/12/2023";"9";"9";"Cortes";"Buñuel - Cascante";"C/ San Miguel, 42";"Puig Zafon, Virginia";"F00462";"948 800622"
"403";"07/12/2023";"9";"9";"Goizueta";"Etxarri-Aranatz, Irurtzun, Leitza, Ultzama";"C/ Mayor, 64";"Apecechea Lizaso, Luis Miguel";"F00104";"948 514353"
"404";"07/12/2023";"9";"9";"Larraga";"Artajona";"C/ Palanquera, 18";"Los Arcos Garcia, Maria Jesus";"F00471";"948 711236"
"405";"07/12/2023";"9";"9";"Lekunberri";"Etxarri-Aranatz, Irurtzun, Leitza, Ultzama";"C/ Aralar, 43";"Zubiria Azpiroz, Maialen";"F00127";"948 504062"
"406";"07/12/2023";"9";"9";"Lezaun";"Comarca de Estella";"Pl Mayor, 3";"Ros Nestares, Carlos Javier";"F00325";"948 542272"
"407";"07/12/2023";"9";"9";"Los Arcos";"Los Arcos - Viana";"C/ Mayor, 27";"Ochoa Cortazar, Eva Maria";"F00375";"948 640786"
"408";"07/12/2023";"9";"9";"Mañeru";"Puente la Reina";"Pl de los Fueros, 1";"Alegre Navarro, Jaione";"F00266";"948 340771"
"409";"07/12/2023";"9";"9";"Mendavia";"Lodosa";"C/ Mayor, 4";"Sagredo Loitegui, Cristina";"F00579";"948 695020"
"410";"07/12/2023";"9";"9";"Oronoz";"Elizondo";"C/ Santa María, 33";"Mariñelarena Apezteguia, Patricia";"F00442";"948 592327"
"411";"07/12/2023";"9";"9";"Peralta / Azkoien";"Peralta";"C/ Irurzun, 10";"Irisarri Moreno, Cristina";"F00518";"948 753192"
"412";"07/12/2023";"9";"9";"San Adrián";"San Adrián";"C/ Santa Gema, 30";"Moreno Sola, Beatriz";"F00533";"948 670111"
"413";"07/12/2023";"9";"9";"Sunbilla";"Doneztebe/Santesteban";"C/ Mayor, 8";"Iglesias Diago, Olivia";"F00263";"948 450275"
"414";"07/12/2023";"9";"9";"Tafalla";"Tafalla";"Polig Fuente del Rey, 11. Junto a Eroski";"Marco Apesteguia, Cristina";"F00601";"948 704137"
"415";"07/12/2023";"9";"9";"Urdazubi / Urdax";"Elizondo";"C/ Barrio Dancharinea, 14";"Altamirano Veron, Hilda Valle";"F00249";"948 599190"
"416";"07/12/2023";"9";"9";"Valtierra";"Valtierra-Cadreita - Castejón";"Pl de los Derechos Humanos, 3";"Saez de Jauregui Urdanoz, Pedro";"F00507";"948 843224"
"417";"08/12/2023";"9";"22";"Aribe";"Aoiz - Auritz/Burguete";"C/ Santa María, 24";"De Carlos Iriarte, Maria Carmen";"F00273";"948 764209"
"418";"08/12/2023";"10";"21";"Artica / Artika";"Pamplona y comarca";"C/ Madres de la Plaza de Mayo, 32. Nuevo Artica";"Aguado Menendez, Carmen";"F00739";"948 307609"
"419";"08/12/2023";"10";"21";"Barañáin / Barañain";"Pamplona y comarca";"Avda Pamplona, 28. Esquina Avda. del Valle";"Sarasibar Sagües, Maria Jesus";"F00556";"948 287905"
"420";"08/12/2023";"9";"21";"Estella-Lizarra";"Estella";"C/ Carlos II el Malo, 1. Estación autobuses";"Echavarri Pascual, Maria Jose";"F00307";"948555141"
"421";"08/12/2023";"10";"21";"Huarte / Uharte";"Pamplona y comarca";"C/ Zubiarte, 1";"Acosta Casado, Maria Dolores";"F00756";"948333593"
"422";"08/12/2023";"9";"22";"Larraintzar";"Etxarri-Aranatz, Irurtzun, Leitza, Ultzama";"C/ San Pedro, 36";"Aquerreta Ferraz, Jose Antonio";"F00143";"948 305108"
"423";"08/12/2023";"10";"21";"Pamplona / Iruña";"Pamplona y comarca";"Avda Bayona, 37";"Arriazu Aranceta, Berta";"F00618";"948 252401"
"424";"08/12/2023";"10";"21";"Pamplona / Iruña";"Pamplona y comarca";"C/ Alfonso el Batallador, 9. Junto a gasolinera Iturrama";"Beñaran/Lasheras, Arocena/Carbajo, Susana/Soledad";"F00682";"948 266891"
"425";"08/12/2023";"10";"21";"Pamplona / Iruña";"Pamplona y comarca";"C/ Yanguas y Miranda, 17";"Marfil Garcia, Alberto";"F00205";"948 245030"
"426";"08/12/2023";"9";"22";"Roncal / Erronkari";"Isaba - Salazar";"Bº Iriartea, 39";"San Juan Elizondo, Javier";"F00277";"948 475152"
"427";"08/12/2023";"10";"21";"Sarriguren";"Pamplona y comarca";"C/ Bardenas Reales, 30";"Diaz Hernan, Ana Maria";"F00649";"948 835064"
"428";"08/12/2023";"10";"21";"Tudela";"Tudela Este - Tudela Oeste";"Pl Sancho VII el Fuerte, 5";"Martinez Forcada, Belen";"F00486";"948 402668"
"429";"08/12/2023";"21";"10";"Artica / Artika";"Pamplona y comarca";"C/ Madres de la Plaza de Mayo, 32. Nuevo Artica";"Aguado Menendez, Carmen";"F00739";"948 307609"
"430";"08/12/2023";"21";"9";"Estella-Lizarra";"Estella";"C/ Carlos II el Malo, 1. Estación autobuses";"Echavarri Pascual, Maria Jose";"F00307";"948555141"
"431";"08/12/2023";"21";"10";"Pamplona / Iruña";"Pamplona y comarca";"C/ Yanguas y Miranda, 17";"Marfil Garcia, Alberto";"F00205";"948 245030"
"432";"08/12/2023";"21";"10";"Pamplona / Iruña";"Pamplona y comarca";"C/ Irunlarrea, 19. Próx. Virgen del Camino. Mendebaldea";"Menendez Garcia, Graciela";"F00550";"948 198191"
"433";"08/12/2023";"21";"10";"Sarriguren";"Pamplona y comarca";"Avda Erripagaña, 24. Ripagaina. Rotonda LIDL y ALDI";"Rubio Echarte, Santiago";"F00731";"948787058"
"434";"08/12/2023";"21";"10";"Tudela";"Tudela Este - Tudela Oeste";"Pl Sancho VII el Fuerte, 5";"Martinez Forcada, Belen";"F00486";"948 402668"
"435";"08/12/2023";"9";"9";"Altsasu / Alsasua";"Altsasu/Alsasua";"Trva Intxostia, 3";"Urbizu Azazeta, Idoia";"F00481";"948 563450"
"436";"08/12/2023";"9";"9";"Bera";"Lesaka";"C/ Bidasoa, 43";"Lasaga Recondo, Aloña";"F00362";"948 625026"
"437";"08/12/2023";"9";"9";"Cabredo";"Los Arcos - Viana";"C/ Mayor, 8. Junto a la Iglesia";"Lumbreras Casis, Isabel";"F00317";"948 444061"
"438";"08/12/2023";"9";"9";"Caparroso";"Carcastillo - Olite";"C/ Constitucion, 14";"Aicua Redondo, Laura";"F00744";"948933331"
"439";"08/12/2023";"9";"9";"Cáseda";"Sangüesa";"C/ Nueva, 1";"Larriba Alastuey, Javier";"F00254";"948 879286"
"440";"08/12/2023";"9";"9";"Corella";"Corella - Cintruénigo";"Pl Fueros, 2";"Poyales Morales, Elena";"F00094";"948 780017"
"441";"08/12/2023";"9";"9";"Fustiñana";"Buñuel - Cascante";"C/ Juan Pascual Esteban, 4";"Aracil Sanus, Maria del Carmen";"F00590";"948 840124"
"442";"08/12/2023";"9";"9";"Goizueta";"Etxarri-Aranatz, Irurtzun, Leitza, Ultzama";"C/ Mayor, 64";"Apecechea Lizaso, Luis Miguel";"F00104";"948 514353"
"443";"08/12/2023";"9";"9";"Ituren";"Doneztebe/Santesteban";"C/ Consejo, 12";"Ruiz-Lopetedi Rodriguez, Jose Joaquin";"F00272";"948 450968"
"444";"08/12/2023";"9";"9";"Larraga";"Artajona";"C/ Palanquera, 18";"Los Arcos Garcia, Maria Jesus";"F00471";"948 711236"
"445";"08/12/2023";"9";"9";"Lekunberri";"Etxarri-Aranatz, Irurtzun, Leitza, Ultzama";"C/ Aralar, 43";"Zubiria Azpiroz, Maialen";"F00127";"948 504062"
"446";"08/12/2023";"9";"9";"Lezaun";"Comarca de Estella";"Pl Mayor, 3";"Ros Nestares, Carlos Javier";"F00325";"948 542272"
"447";"08/12/2023";"9";"9";"Los Arcos";"Los Arcos - Viana";"C/ Mayor, 27";"Ochoa Cortazar, Eva Maria";"F00375";"948 640786"
"448";"08/12/2023";"9";"9";"Mañeru";"Puente la Reina";"Pl de los Fueros, 1";"Alegre Navarro, Jaione";"F00266";"948 340771"
"449";"08/12/2023";"9";"9";"Mendavia";"Lodosa";"C/ Mayor, 4";"Sagredo Loitegui, Cristina";"F00579";"948 695020"
"450";"08/12/2023";"9";"9";"Oronoz";"Elizondo";"C/ Santa María, 33";"Mariñelarena Apezteguia, Patricia";"F00442";"948 592327"
"451";"08/12/2023";"9";"9";"Peralta / Azkoien";"Peralta";"C/ Irurzun, 10";"Irisarri Moreno, Cristina";"F00518";"948 753192"
"452";"08/12/2023";"9";"9";"San Adrián";"San Adrián";"C/ Santa Gema, 30";"Moreno Sola, Beatriz";"F00533";"948 670111"
"453";"08/12/2023";"9";"9";"Tafalla";"Tafalla";"Polig Fuente del Rey, 11. Junto a Eroski";"Marco Apesteguia, Cristina";"F00601";"948 704137"
"454";"08/12/2023";"9";"9";"Urdazubi / Urdax";"Elizondo";"C/ Barrio Dancharinea, 14";"Altamirano Veron, Hilda Valle";"F00249";"948 599190"
"455";"08/12/2023";"9";"9";"Valtierra";"Valtierra-Cadreita - Castejón";"Pl de los Derechos Humanos, 3";"Saez de Jauregui Urdanoz, Pedro";"F00507";"948 843224"
"456";"09/12/2023";"9";"22";"Aribe";"Aoiz - Auritz/Burguete";"C/ Santa María, 24";"De Carlos Iriarte, Maria Carmen";"F00273";"948 764209"
"457";"09/12/2023";"10";"21";"Artica / Artika";"Pamplona y comarca";"C/ Madres de la Plaza de Mayo, 32. Nuevo Artica";"Aguado Menendez, Carmen";"F00739";"948 307609"
"458";"09/12/2023";"9";"21";"Estella-Lizarra";"Estella";"C/ Carlos II el Malo, 1. Estación autobuses";"Echavarri Pascual, Maria Jose";"F00307";"948555141"
"459";"09/12/2023";"10";"21";"Huarte / Uharte";"Pamplona y comarca";"C/ Intxaurdia, 5. Centro Comercial Itaroa";"Vallejos Huesa, Maria Josefa";"F00611";"948 357364"
"460";"09/12/2023";"9";"22";"Larraintzar";"Etxarri-Aranatz, Irurtzun, Leitza, Ultzama";"C/ San Pedro, 36";"Aquerreta Ferraz, Jose Antonio";"F00143";"948 305108"
"461";"09/12/2023";"10";"21";"Pamplona / Iruña";"Pamplona y comarca";"Avda Bayona, 37";"Arriazu Aranceta, Berta";"F00618";"948 252401"
"462";"09/12/2023";"10";"21";"Pamplona / Iruña";"Pamplona y comarca";"C/ Jose Alonso, 2";"Arz Burgaleta, Pilar";"F00828";"948595323"
"463";"09/12/2023";"10";"21";"Pamplona / Iruña";"Pamplona y comarca";"C/ Irunlarrea, 19. Próx. Virgen del Camino. Mendebaldea";"Menendez Garcia, Graciela";"F00550";"948 198191"
"464";"09/12/2023";"10";"21";"Pamplona / Iruña";"Pamplona y comarca";"Avda Sancho el Fuerte, 24, esq. Pío XII. Frente Torre Basoko";"Perez Azcona, Miren Jasone";"F00659";"948 258581"
"465";"09/12/2023";"9";"22";"Roncal / Erronkari";"Isaba - Salazar";"Bº Iriartea, 39";"San Juan Elizondo, Javier";"F00277";"948 475152"
"466";"09/12/2023";"10";"21";"Sarriguren";"Pamplona y comarca";"Avda Erripagaña, 24. Ripagaina. Rotonda LIDL y ALDI";"Rubio Echarte, Santiago";"F00731";"948787058"
"467";"09/12/2023";"10";"21";"Tudela";"Tudela Este - Tudela Oeste";"C/ Carlos III El Noble, 6";"Martinez Miranda, Jose Angel";"F00347";"948 827205"
"468";"09/12/2023";"21";"10";"Artica / Artika";"Pamplona y comarca";"C/ Madres de la Plaza de Mayo, 32. Nuevo Artica";"Aguado Menendez, Carmen";"F00739";"948 307609"
"469";"09/12/2023";"21";"9";"Estella-Lizarra";"Estella";"C/ Carlos II el Malo, 1. Estación autobuses";"Echavarri Pascual, Maria Jose";"F00307";"948555141"
"470";"09/12/2023";"21";"10";"Pamplona / Iruña";"Pamplona y comarca";"C/ Yanguas y Miranda, 17";"Marfil Garcia, Alberto";"F00205";"948 245030"
"471";"09/12/2023";"21";"10";"Pamplona / Iruña";"Pamplona y comarca";"C/ Irunlarrea, 19. Próx. Virgen del Camino. Mendebaldea";"Menendez Garcia, Graciela";"F00550";"948 198191"
"472";"09/12/2023";"21";"10";"Sarriguren";"Pamplona y comarca";"Avda Erripagaña, 24. Ripagaina. Rotonda LIDL y ALDI";"Rubio Echarte, Santiago";"F00731";"948787058"
"473";"09/12/2023";"21";"10";"Tudela";"Tudela Este - Tudela Oeste";"C/ Carlos III El Noble, 6";"Martinez Miranda, Jose Angel";"F00347";"948 827205"
"474";"09/12/2023";"9";"9";"Altsasu / Alsasua";"Altsasu/Alsasua";"Trva Intxostia, 3";"Urbizu Azazeta, Idoia";"F00481";"948 563450"
"475";"09/12/2023";"9";"9";"Bera";"Lesaka";"C/ Bidasoa, 43";"Lasaga Recondo, Aloña";"F00362";"948 625026"
"476";"09/12/2023";"9";"9";"Cabredo";"Los Arcos - Viana";"C/ Mayor, 8. Junto a la Iglesia";"Lumbreras Casis, Isabel";"F00317";"948 444061"
"477";"09/12/2023";"9";"9";"Caparroso";"Carcastillo - Olite";"C/ Constitucion, 14";"Aicua Redondo, Laura";"F00744";"948933331"
"478";"09/12/2023";"9";"9";"Cárcar";"San Adrián";"C/ Salvador Ordoñez, 7";"Perez Albeniz, Inmaculada";"F00582";"948 674019"
"479";"09/12/2023";"9";"9";"Cáseda";"Sangüesa";"C/ Nueva, 1";"Larriba Alastuey, Javier";"F00254";"948 879286"
"480";"09/12/2023";"9";"9";"Corella";"Corella - Cintruénigo";"Pl Fueros, 2";"Poyales Morales, Elena";"F00094";"948 780017"
"481";"09/12/2023";"9";"9";"Doneztebe / Santesteban";"Doneztebe/Santesteban";"C/ Mercaderes, 1";"Mendia Ibarra, Elvira Ainara";"F00082";"948 450092"
"482";"09/12/2023";"9";"9";"Fustiñana";"Buñuel - Cascante";"C/ Juan Pascual Esteban, 4";"Aracil Sanus, Maria del Carmen";"F00590";"948 840124"
"483";"09/12/2023";"9";"9";"Goizueta";"Etxarri-Aranatz, Irurtzun, Leitza, Ultzama";"C/ Mayor, 64";"Apecechea Lizaso, Luis Miguel";"F00104";"948 514353"
"484";"09/12/2023";"9";"9";"Larraga";"Artajona";"C/ Palanquera, 18";"Los Arcos Garcia, Maria Jesus";"F00471";"948 711236"
"485";"09/12/2023";"9";"9";"Lekunberri";"Etxarri-Aranatz, Irurtzun, Leitza, Ultzama";"C/ Aralar, 43";"Zubiria Azpiroz, Maialen";"F00127";"948 504062"
"486";"09/12/2023";"9";"9";"Lezaun";"Comarca de Estella";"Pl Mayor, 3";"Ros Nestares, Carlos Javier";"F00325";"948 542272"
"487";"09/12/2023";"9";"9";"Los Arcos";"Los Arcos - Viana";"C/ Mayor, 27";"Ochoa Cortazar, Eva Maria";"F00375";"948 640786"
"488";"09/12/2023";"9";"9";"Mañeru";"Puente la Reina";"Pl de los Fueros, 1";"Alegre Navarro, Jaione";"F00266";"948 340771"
"489";"09/12/2023";"9";"9";"Mendavia";"Lodosa";"C/ Mayor, 4";"Sagredo Loitegui, Cristina";"F00579";"948 695020"
"490";"09/12/2023";"9";"9";"Oronoz";"Elizondo";"C/ Santa María, 33";"Mariñelarena Apezteguia, Patricia";"F00442";"948 592327"
"491";"09/12/2023";"9";"9";"Peralta / Azkoien";"Peralta";"C/ Irurzun, 10";"Irisarri Moreno, Cristina";"F00518";"948 753192"
"492";"09/12/2023";"9";"9";"Tafalla";"Tafalla";"Polig Fuente del Rey, 11. Junto a Eroski";"Marco Apesteguia, Cristina";"F00601";"948 704137"
"493";"09/12/2023";"9";"9";"Urdazubi / Urdax";"Elizondo";"C/ Barrio Dancharinea, 14";"Altamirano Veron, Hilda Valle";"F00249";"948 599190"
"494";"09/12/2023";"9";"9";"Valtierra";"Valtierra-Cadreita - Castejón";"Pl de los Derechos Humanos, 3";"Saez de Jauregui Urdanoz, Pedro";"F00507";"948 843224"
"495";"10/12/2023";"9";"22";"Aribe";"Aoiz - Auritz/Burguete";"C/ Santa María, 24";"De Carlos Iriarte, Maria Carmen";"F00273";"948 764209"
"496";"10/12/2023";"10";"21";"Artica / Artika";"Pamplona y comarca";"C/ Madres de la Plaza de Mayo, 32. Nuevo Artica";"Aguado Menendez, Carmen";"F00739";"948 307609"
"497";"10/12/2023";"10";"21";"Burlada / Burlata";"Pamplona y comarca";"C/ Mayor, 13";"Purroy Sanz, Cristina";"F00705";"948 241883"
"498";"10/12/2023";"9";"21";"Estella-Lizarra";"Estella";"C/ San Francisco, 4";"Pascual Blanco, Miguel Angel";"F00420";"948552659"
"499";"10/12/2023";"9";"22";"Larraintzar";"Etxarri-Aranatz, Irurtzun, Leitza, Ultzama";"C/ San Pedro, 36";"Aquerreta Ferraz, Jose Antonio";"F00143";"948 305108"
"500";"10/12/2023";"10";"21";"Pamplona / Iruña";"Pamplona y comarca";"C/ Dr Simonena, 8.Entrada  Avd Navarra. San Jorge";"Bujanda Eguino, Cesar";"F00681";"948 266367"
"501";"10/12/2023";"10";"21";"Pamplona / Iruña";"Pamplona y comarca";"C/ Monasterio de Urdax, 21";"Carrascal del Solar, Maria Isabel";"F00784";"948196759"
"502";"10/12/2023";"10";"21";"Pamplona / Iruña";"Pamplona y comarca";"C/ Yanguas y Miranda, 17";"Marfil Garcia, Alberto";"F00205";"948 245030"
"503";"10/12/2023";"10";"21";"Pamplona / Iruña";"Pamplona y comarca";"Avda Barañain, 17. Frente a Cines Golem";"Villot Varela, Elena";"F00728";"948 278810"
"504";"10/12/2023";"9";"22";"Roncal / Erronkari";"Isaba - Salazar";"Bº Iriartea, 39";"San Juan Elizondo, Javier";"F00277";"948 475152"
"505";"10/12/2023";"10";"21";"Sarriguren";"Pamplona y comarca";"Avda Erripagaña, 24. Ripagaina. Rotonda LIDL y ALDI";"Rubio Echarte, Santiago";"F00731";"948787058"
"506";"10/12/2023";"10";"21";"Tudela";"Tudela Este - Tudela Oeste";"C/ Gayarre, 14";"Jimenez Lopez, Rosario";"F00555";"948 847851"
"507";"10/12/2023";"21";"10";"Artica / Artika";"Pamplona y comarca";"C/ Madres de la Plaza de Mayo, 32. Nuevo Artica";"Aguado Menendez, Carmen";"F00739";"948 307609"
"508";"10/12/2023";"21";"9";"Estella-Lizarra";"Estella";"C/ San Francisco, 4";"Pascual Blanco, Miguel Angel";"F00420";"948552659"
"509";"10/12/2023";"21";"10";"Pamplona / Iruña";"Pamplona y comarca";"C/ Yanguas y Miranda, 17";"Marfil Garcia, Alberto";"F00205";"948 245030"
"510";"10/12/2023";"21";"10";"Pamplona / Iruña";"Pamplona y comarca";"C/ Irunlarrea, 19. Próx. Virgen del Camino. Mendebaldea";"Menendez Garcia, Graciela";"F00550";"948 198191"
"511";"10/12/2023";"21";"10";"Sarriguren";"Pamplona y comarca";"Avda Erripagaña, 24. Ripagaina. Rotonda LIDL y ALDI";"Rubio Echarte, Santiago";"F00731";"948787058"
"512";"10/12/2023";"21";"10";"Tudela";"Tudela Este - Tudela Oeste";"C/ Gayarre, 14";"Jimenez Lopez, Rosario";"F00555";"948 847851"
"513";"10/12/2023";"9";"9";"Altsasu / Alsasua";"Altsasu/Alsasua";"Trva Intxostia, 3";"Urbizu Azazeta, Idoia";"F00481";"948 563450"
"514";"10/12/2023";"9";"9";"Bera";"Lesaka";"C/ Bidasoa, 43";"Lasaga Recondo, Aloña";"F00362";"948 625026"
"515";"10/12/2023";"9";"9";"Cabredo";"Los Arcos - Viana";"C/ Mayor, 8. Junto a la Iglesia";"Lumbreras Casis, Isabel";"F00317";"948 444061"
"516";"10/12/2023";"9";"9";"Caparroso";"Carcastillo - Olite";"C/ Constitucion, 14";"Aicua Redondo, Laura";"F00744";"948933331"
"517";"10/12/2023";"9";"9";"Cárcar";"San Adrián";"C/ Salvador Ordoñez, 7";"Perez Albeniz, Inmaculada";"F00582";"948 674019"
"518";"10/12/2023";"9";"9";"Cáseda";"Sangüesa";"C/ Nueva, 1";"Larriba Alastuey, Javier";"F00254";"948 879286"
"519";"10/12/2023";"9";"9";"Corella";"Corella - Cintruénigo";"Pl Fueros, 2";"Poyales Morales, Elena";"F00094";"948 780017"
"520";"10/12/2023";"9";"9";"Doneztebe / Santesteban";"Doneztebe/Santesteban";"C/ Mercaderes, 1";"Mendia Ibarra, Elvira Ainara";"F00082";"948 450092"
"521";"10/12/2023";"9";"9";"Fustiñana";"Buñuel - Cascante";"C/ Juan Pascual Esteban, 4";"Aracil Sanus, Maria del Carmen";"F00590";"948 840124"
"522";"10/12/2023";"9";"9";"Goizueta";"Etxarri-Aranatz, Irurtzun, Leitza, Ultzama";"C/ Mayor, 64";"Apecechea Lizaso, Luis Miguel";"F00104";"948 514353"
"523";"10/12/2023";"9";"9";"Larraga";"Artajona";"C/ Palanquera, 18";"Los Arcos Garcia, Maria Jesus";"F00471";"948 711236"
"524";"10/12/2023";"9";"9";"Lekunberri";"Etxarri-Aranatz, Irurtzun, Leitza, Ultzama";"C/ Aralar, 43";"Zubiria Azpiroz, Maialen";"F00127";"948 504062"
"525";"10/12/2023";"9";"9";"Lezaun";"Comarca de Estella";"Pl Mayor, 3";"Ros Nestares, Carlos Javier";"F00325";"948 542272"
"526";"10/12/2023";"9";"9";"Los Arcos";"Los Arcos - Viana";"C/ Mayor, 27";"Ochoa Cortazar, Eva Maria";"F00375";"948 640786"
"527";"10/12/2023";"9";"9";"Mañeru";"Puente la Reina";"Pl de los Fueros, 1";"Alegre Navarro, Jaione";"F00266";"948 340771"
"528";"10/12/2023";"9";"9";"Mendavia";"Lodosa";"C/ Mayor, 4";"Sagredo Loitegui, Cristina";"F00579";"948 695020"
"529";"10/12/2023";"9";"9";"Oronoz";"Elizondo";"C/ Santa María, 33";"Mariñelarena Apezteguia, Patricia";"F00442";"948 592327"
"530";"10/12/2023";"9";"9";"Peralta / Azkoien";"Peralta";"C/ Irurzun, 10";"Irisarri Moreno, Cristina";"F00518";"948 753192"
"531";"10/12/2023";"9";"9";"Tafalla";"Tafalla";"Polig Fuente del Rey, 11. Junto a Eroski";"Marco Apesteguia, Cristina";"F00601";"948 704137"
"532";"10/12/2023";"9";"9";"Urdazubi / Urdax";"Elizondo";"C/ Barrio Dancharinea, 14";"Altamirano Veron, Hilda Valle";"F00249";"948 599190"
"533";"10/12/2023";"9";"9";"Valtierra";"Valtierra-Cadreita - Castejón";"Pl de los Derechos Humanos, 3";"Saez de Jauregui Urdanoz, Pedro";"F00507";"948 843224"