"id";"COD. INSCRIPCION";"NOMBRE";"MODALIDAD";"CATEGORIA";"DIRECCION";"LOCALIDAD";"MUNICIPIO";"ZONA";"Especialidad";"FECHA DE INSCRIPCION"
"1";"ur000158";"101";"Restaurantes";"Sin definir";"Guipuzcoa 27";"BERRIOZAR";"BERRIOZAR";"Cuenca de Pamplona";"Casera o regional";"04/05/1973 0:00:00"
"2";"UR000924";"A Queimada";"Restaurantes";"Segunda/2 Tenedores";"La Barrena, parcela 13 3 ";"TUDELA";"TUDELA";"La Ribera";"Casera o regional";"05/06/2007 0:00:00"
"3";"UR001069";"Acedo";"Restaurantes";"Segunda/2 Tenedores";"Los Arcos 0";"ACEDO";"MENDAZA";"Zona Media";"Casera o regional";"02/12/2014 0:00:00"
"4";"UR000389";"Aguirre";"Restaurantes";"Sin definir";"Irún, Km. 7 5 ";"ORICÁIN";"EZCABARTE";"Cuenca de Pamplona";"Casera o regional";"31/07/1984 0:00:00"
"5";"UR111010";"Aitona";"Restaurantes";"Sin definir";"San Lorenzo 2";"GERENDIAIN";"ULTZAMA";"Pirineos";"Casera o regional";"15/07/2011 0:00:00"
"6";"UR000627";"Aizberri";"Restaurantes";"Sin definir";"Pol. Berriainz, nave 65 0 ";"BERRIOZAR";"BERRIOZAR";"Cuenca de Pamplona";"Casera o regional";"12/08/1990 0:00:00"
"7";"UR000763";"Akelarre";"Restaurantes";"Sin definir";"Tomás Zumalacarregui 7";"ALTSASU/ALSASUA";"ALTSASU / ALSASUA";"Pirineos";"Casera o regional";"18/09/1996 0:00:00"
"8";"ur000844";"Alai-Taberna";"Restaurantes";"Sin definir";"Mayor 0 S/N";"EULATE";"EULATE";"Pirineos";"Casera o regional";"19/04/2000 0:00:00"
"9";"UR001098";"Alhama";"Restaurantes";"Primera/3 tenedores";"N-113, Pamplona-Madrid 0 ";"CINTRUÉNIGO";"CINTRUÉNIGO";"La Ribera";"Casera o regional, Innovadora";"28/07/2015 0:00:00"
"10";"UR000011";"Alhambra";"Restaurantes";"Lujo/ 4 Tenedores";"Bergamín 7";"PAMPLONA";"PAMPLONA / IRUÑA";"Cuenca de Pamplona";"Casera o regional";"16/06/1975 0:00:00"
"11";"UR000005";"Alsafir";"Restaurantes";"Segunda/2 Tenedores";"Castillo de Maya 39";"PAMPLONA";"PAMPLONA / IRUÑA";"Cuenca de Pamplona";"Internacional";"26/04/1969 0:00:00"
"12";"UR000796";"Altxunea Erretegia";"Restaurantes";"Segunda/2 Tenedores";"Consejo 27";"ITUREN";"ITUREN";"Pirineos";"Asador";"24/12/1997 0:00:00"
"13";"UR000442";"Altzatenea";"Restaurantes";"Tercera/1 tenedor";"Casa Altzatenea 0";"ZUGARRAMURDI";"ZUGARRAMURDI";"Pirineos";"Asador, Casera o regional";"02/03/1986 0:00:00"
"14";"UR001051";"Amatxi";"Restaurantes";"Segunda/2 Tenedores";"Pamplona s/n 0";"VILLAVA";"VILLAVA / ATARRABIA";"Cuenca de Pamplona";"Casera o regional";"02/05/2014 0:00:00"
"15";"ur000356";"Anaiak";"Restaurantes";"Sin definir";"San Juan 4";"UHARTE-ARAKIL";"UHARTE ARAKIL";"Pirineos";"Casera o regional";"25/10/1983 0:00:00"
"16";"UR000091";"Andamur";"Restaurantes";"Tercera/1 tenedor";"de Europa 1";"IMÁRCOAIN";"NOÁIN (VALLE DE ELORZ) / NOAIN (ELORTZIBAR)";"Cuenca de Pamplona";;"16/01/2002 0:00:00"
"17";"UR000886";"Ángel";"Restaurantes";"Tercera/1 tenedor";"de los Fueros 7";"BARÁSOAIN";"BARÁSOAIN";"Zona Media";"Casera o regional";"08/02/2006 0:00:00"
"18";"UR000907";"Animals";"Restaurantes";"Sin definir";"Pío Loperena 14";"BURLADA";"BURLADA / BURLATA";"Cuenca de Pamplona";"Innovadora";"20/09/2006 0:00:00"
"19";"UR001145";"Anixeta";"Restaurantes";"Tercera/1 tenedor";"Santa Lucía 24";"ZIORDIA";"ZIORDIA";"Pirineos";;"19/07/2022 0:00:00"
"20";"UR001101";"Ansoleaga 33";"Restaurantes";"Lujo/ 4 Tenedores";"Ansoleaga 33";"PAMPLONA";"PAMPLONA / IRUÑA";"Cuenca de Pamplona";"Casera o regional, Innovadora";"07/08/2015 0:00:00"
"21";"ur000200";"Antonio";"Restaurantes";"Sin definir";"Carcar 0 S/N";"LODOSA";"LODOSA";"La Ribera";"Casera o regional";"22/07/1981 0:00:00"
"22";"ur000365";"Aragón";"Restaurantes";"Sin definir";"Buenaventura Iñiguez 2";"PAMPLONA";"PAMPLONA / IRUÑA";"Cuenca de Pamplona";"Casera o regional";"19/03/1984 0:00:00"
"23";"UR000094";"Arakindegia";"Restaurantes";"Segunda/2 Tenedores";"Elbarren 64";"LEITZA";"LEITZA";"Pirineos";"Casera o regional";"11/10/1968 0:00:00"
"24";"UR001122";"Arantza";"Restaurantes";"Lujo/ 4 Tenedores";"Aientsa Auzoa 10";"ARANTZA";"ARANTZA";"Pirineos";"Asador, De autor, Vegetariana";"23/12/2016 0:00:00"
"25";"UR000659";"Área de Servicio de Tudela";"Restaurantes";"Tercera/1 tenedor";"Autopista A-68, km. 222 8 ";"FONTELLAS";"FONTELLAS";"La Ribera";"Casera o regional";"09/02/1992 0:00:00"
"26";"UR000702";"Area de Servicios Zuasti";"Restaurantes";"Sin definir";"Autopista Tudela-Irurzun K.102 0";"ZUASTI";"IZA / ITZA";"Cuenca de Pamplona";"Casera o regional";"21/03/1994 0:00:00"
"27";"ur000596";"Argia";"Restaurantes";"Sin definir";"Real 39";"NOÁIN";"NOÁIN (VALLE DE ELORZ) / NOAIN (ELORTZIBAR)";"Cuenca de Pamplona";"Casera o regional";"20/02/1991 0:00:00"
"28";"UR000956";"Argileku";"Restaurantes";"Segunda/2 Tenedores";"Olite 5 bajo";"PAMPLONA";"PAMPLONA / IRUÑA";"Cuenca de Pamplona";"Asador, Casera o regional";"10/09/2008 0:00:00"
"29";"UR000704";"Aritzalko";"Restaurantes";"Sin definir";"Pamplona-Vitoria, km.42 0 ";"ETXARRI-ARANATZ";"ETXARRI ARANATZ";"Pirineos";"Casera o regional";"15/04/1994 0:00:00"
"30";"ur000597";"Armendi";"Restaurantes";"Sin definir";"Santa Eulalia 0";"BELZUNCE";"JUSLAPEÑA / TXULAPAIN";"Cuenca de Pamplona";"Asador";"14/02/1990 0:00:00"
"31";"ur000466";"Arocena";"Restaurantes";"Sin definir";"Eguzki-Eder 0";"DONEZTEBE/SANTESTEBAN";"DONEZTEBE / SANTESTEBAN";"Pirineos";"Casera o regional";"05/01/1989 0:00:00"
"32";"UR001148";"Arostegui";"Restaurantes";"Segunda/2 Tenedores";"Tejería 24 bajo";"PAMPLONA";"PAMPLONA / IRUÑA";"Cuenca de Pamplona";"Casera o regional, Innovadora";"30/12/2022 0:00:00"
"33";"UR000117";"Arotxa";"Restaurantes";"Segunda/2 Tenedores";"Santa Catalina 34";"LEGASA";"BERTIZARANA";"Pirineos";"Asador";"01/09/2003 0:00:00"
"34";"UR001100";"Artea";"Restaurantes";"Tercera/1 tenedor";"Marcelo Celayeta 35";"PAMPLONA";"PAMPLONA / IRUÑA";"Cuenca de Pamplona";;"04/08/2015 0:00:00"
"35";"UR000917";"Artwohl";"Restaurantes";"Segunda/2 Tenedores";"Teobaldos 2 bajo";"PAMPLONA";"PAMPLONA / IRUÑA";"Cuenca de Pamplona";"Casera o regional";"12/02/2007 0:00:00"
"36";"UR000067";"Asador Aritza";"Restaurantes";"Sin definir";"Kanaleburua 6";"AURITZ/BURGUETE";"AURITZ / BURGUETE";"Pirineos";"Casera o regional";"27/06/2001 0:00:00"
"37";"UR000377";"Asador Aterpe";"Restaurantes";"Sin definir";"Larreta 5";"ARANTZA";"ARANTZA";"Pirineos";"Casera o regional";"19/03/1984 0:00:00"
"38";"ur000046";"Asador Bodegas Lezaun";"Restaurantes";"Sin definir";"Lacar 0";"LÁCAR";"VALLE DE YERRI / DEIERRI";"Zona Media";"Asador";"28/03/2001 0:00:00"
"39";"UR000766";"Asador Borda";"Restaurantes";"Sin definir";"Arluzape 11";"ETXARRI-ARANATZ";"ETXARRI ARANATZ";"Pirineos";"De autor";"18/09/1996 0:00:00"
"40";"UR000829";"Asador Brasas";"Restaurantes";"Segunda/2 Tenedores";"Sangüesa, 15-17 0 ";"TAFALLA";"TAFALLA";"Zona Media";"Asador";"12/01/1999 0:00:00"
"41";"ur000044";"Asador Casa Antonio";"Restaurantes";"Sin definir";"Príncipe de Viana 4";"MILAGRO";"MILAGRO";"La Ribera";"Asador";"07/03/2001 0:00:00"
"42";"ur000834";"Asador Casa Arteta";"Restaurantes";"Sin definir";"San Miguel 0 S/N";"MARCALÁIN";"JUSLAPEÑA / TXULAPAIN";"Cuenca de Pamplona";"Casera o regional";"30/08/2000 0:00:00"
"43";"UR000682";"Asador Casa Tomás";"Restaurantes";"Segunda/2 Tenedores";"Trece de Septiembre 1";"SAN MARTÍN DE UNX";"SAN MARTÍN DE UNX";"Zona Media";"Asador, Casera o regional";"15/01/1994 0:00:00"
"44";"UR000737";"Asador Castillo de Mendillorri";"Restaurantes";"Tercera/1 tenedor";"de Sarriguren 14";"PAMPLONA";"PAMPLONA / IRUÑA";"Cuenca de Pamplona";"Asador";"28/12/1995 0:00:00"
"45";"UR000813";"Asador Epeleta";"Restaurantes";"Segunda/2 Tenedores";"Aralar 0 S/N";"LEKUNBERRI";"LEKUNBERRI";"Pirineos";"Asador";"25/02/1998 0:00:00"
"46";"UR000300";"Asador Erreleku";"Restaurantes";"Segunda/2 Tenedores";"San Cosme y San Damián 1";"CORDOVILLA";"GALAR";"Cuenca de Pamplona";"Asador, Asador, Casera o regional, De tapas y raciones";"08/06/1981 0:00:00"
"47";"UR000263";"Asador Erretegia";"Restaurantes";"Sin definir";"Estafeta 53";"PAMPLONA";"PAMPLONA / IRUÑA";"Cuenca de Pamplona";"Asador";"22/07/1981 0:00:00"
"48";"ur000008";"Asador Erri-Berri";"Restaurantes";"Sin definir";"Rúa del Fondo 1";"OLITE";"OLITE / ERRIBERRI";"Zona Media";;"30/11/2000 0:00:00"
"49";"ur000822";"Asador Gastón";"Restaurantes";"Sin definir";"Raimundo Lanas 19";"PAMPLONA";"PAMPLONA / IRUÑA";"Cuenca de Pamplona";"Asador";"01/03/1999 0:00:00"
"50";"UR000290";"Asador Gaztelu";"Restaurantes";"Sin definir";"Federico Soto 3";"PAMPLONA";"PAMPLONA / IRUÑA";"Cuenca de Pamplona";"Asador";"08/02/2005 0:00:00"
"51";"UR000457";"Asador Iparralde";"Restaurantes";"Segunda/2 Tenedores";"Carrobide 5";"VILLAVA";"VILLAVA / ATARRABIA";"Cuenca de Pamplona";"Casera o regional";"20/04/1988 0:00:00"
"52";"ur000490";"Asador Iturrama";"Restaurantes";"Sin definir";"Pedro I 9";"PAMPLONA";"PAMPLONA / IRUÑA";"Cuenca de Pamplona";"Asador";"20/04/1988 0:00:00"
"53";"UR000296";"Asador Itziar";"Restaurantes";"Tercera/1 tenedor";"Asiain 0 S/N";"ORORBIA";"CENDEA DE OLZA / OLTZA ZENDEA";"Cuenca de Pamplona";"Asador";"11/03/1982 0:00:00"
"54";"UR001135";"Asador Javier Aldea";"Restaurantes";"Tercera/1 tenedor";"Na-660 (Km 13.400) 0";"VILLAFRANCA";"VILLAFRANCA";"La Ribera";"Asador, De tapas y raciones";"11/05/2021 0:00:00"
"55";"ur000514";"Asador Julián";"Restaurantes";"Sin definir";"Ancin-San Adrián 0";"CÁRCAR";"CÁRCAR";"La Ribera";"Casera o regional";"20/01/1990 0:00:00"
"56";"UR001121";"Asador Katuzarra";"Restaurantes";"Segunda/2 Tenedores";"San Nicolás 34 -36";"PAMPLONA";"PAMPLONA / IRUÑA";"Cuenca de Pamplona";"Asador, Casera o regional, De tapas y raciones";"07/11/2016 0:00:00"
"57";"ur000347";"Asador La Basque";"Restaurantes";"Sin definir";"Iñarreta 1";"ETXALAR";"ETXALAR";"Pirineos";"Asador";"23/12/1982 0:00:00"
"58";"UR000839";"Asador La Tasca";"Restaurantes";"Sin definir";"Navarro Villoslada 1";"ESTELLA-LIZARRA";"ESTELLA-LIZARRA";"Zona Media";"Asador";"29/03/2000 0:00:00"
"59";"UR000265";"Asador Maya";"Restaurantes";"Primera/3 tenedores";"Salinas 20 S/N";"ESQUÍROZ";"GALAR";"Cuenca de Pamplona";"Asador";"26/04/1982 0:00:00"
"60";"UR000360";"Asador Mediavilla";"Restaurantes";"Tercera/1 tenedor";"Alfonso el Batallador 15";"SANGÜESA";"SANGÜESA / ZANGOZA";"Zona Media";"Asador, Asador, Casera o regional";"19/03/1984 0:00:00"
"61";"ur000810";"Asador Menchu";"Restaurantes";"Sin definir";"Acella 7";"PAMPLONA";"PAMPLONA / IRUÑA";"Cuenca de Pamplona";"Asador";"03/11/1997 0:00:00"
"62";"ur000783";"Asador Mutiloa";"Restaurantes";"Sin definir";"Polígono Mutilva Baja, C/ 0 42 ";"MUTILVA";"ARANGUREN";"Cuenca de Pamplona";"Casera o regional";"02/05/1996 0:00:00"
"63";"UR000157";"Asador Olave";"Restaurantes";"Sin definir";"Garde 14";"PAMPLONA";"PAMPLONA / IRUÑA";"Cuenca de Pamplona";;"25/06/2004 0:00:00"
"64";"ur000150";"Asador Olaverri";"Restaurantes";"Sin definir";"Santa Marta 4";"PAMPLONA";"PAMPLONA / IRUÑA";"Cuenca de Pamplona";"Asador";"12/06/1981 0:00:00"
"65";"UR000851";"Asador Pizzeria Casa del Preboste";"Restaurantes";"Primera/3 tenedores";"Rúa Mirapies 8";"OLITE";"OLITE / ERRIBERRI";"Zona Media";"Casera o regional";"15/11/1999 0:00:00"
"66";"UR000003";"Asador Sidrería Horno de Aralar";"Restaurantes";"Sin definir";"San Nicolás, 12-1º 0 ";"PAMPLONA";"PAMPLONA / IRUÑA";"Cuenca de Pamplona";;"17/08/1967 0:00:00"
"67";"UR000373";"Asador Sidrería Saralegui";"Restaurantes";"Sin definir";"Ayuntamiento 1";"BARAÑÁIN";"BARAÑÁIN / BARAÑAIN";"Cuenca de Pamplona";"Sidrería";"21/10/1983 0:00:00"
"68";"UR000528";"Asador Sidreria Zaldiko";"Restaurantes";"Sin definir";"Santo Domingo 39 bajo";"PAMPLONA";"PAMPLONA / IRUÑA";"Cuenca de Pamplona";"Asador, Sidrería";"26/01/1989 0:00:00"
"69";"UR000097";"Asador Sidrería Zubiondo";"Restaurantes";"Segunda/2 Tenedores";"Alasta, 2 A (Poligono Alkaiaga 0 ";"LESAKA";"LESAKA";"Pirineos";"Asador, Sidrería";"20/02/2002 0:00:00"
"70";"UR000245";"Asador Tres Tinas";"Restaurantes";"Segunda/2 Tenedores";"Serapio Urra 2";"VIANA";"VIANA";"Pirineos";;"23/12/2004 0:00:00"
"71";"ur000880";"Asador Uslaer";"Restaurantes";"Sin definir";"Tomás Burgui 15";"PAMPLONA";"PAMPLONA / IRUÑA";"Cuenca de Pamplona";"Asador";"22/11/2000 0:00:00"
"72";"UR000981";"Asador Uxue";"Restaurantes";"Sin definir";"San Isidro 0 s/n";"UJUÉ";"UJUÉ / UXUE";"Zona Media";"Casera o regional";"09/09/2009 0:00:00"
"73";"UR000382";"Asador Zubiondo";"Restaurantes";"Primera/3 tenedores";"Avda Roncesvalles 1";"HUARTE";"HUARTE / UHARTE";"Cuenca de Pamplona";"Asador";"17/04/1984 0:00:00"
"74";"ur000244";"Askartza";"Restaurantes";"Sin definir";"San Lorenzo 39";"PAMPLONA";"PAMPLONA / IRUÑA";"Cuenca de Pamplona";"Casera o regional";"20/07/1981 0:00:00"
"75";"UR000843";"Astarriaga";"Restaurantes";"Primera/3 tenedores";"de los Fueros 12";"ESTELLA-LIZARRA";"ESTELLA-LIZARRA";"Zona Media";"Asador";"30/03/2000 0:00:00"
"76";"UR001067";"Astitz";"Restaurantes";"Tercera/1 tenedor";"San Pedro 0";"ASTITZ";"LARRAUN";"Pirineos";"Casera o regional";"07/11/2014 0:00:00"
"77";"ur000419";"Atalaya";"Restaurantes";"Sin definir";"Dabán 11";"PERALTA";"PERALTA / AZKOIEN";"La Ribera";"Casera o regional";"01/08/1985 0:00:00"
"78";"UR001068";"Auñamendi";"Restaurantes";"Segunda/2 Tenedores";"Urrutia 23";"OCHAGAVÍA";"OCHAGAVÍA / OTSAGABIA";"Pirineos";"Casera o regional";"12/11/2014 0:00:00"
"79";"UR000198";"Avanti";"Restaurantes";"Sin definir";"Corella Poligono Industrial 0";"TUDELA";"TUDELA";"La Ribera";;"03/09/2004 0:00:00"
"80";"ur000561";"Avenida";"Restaurantes";"Sin definir";"Héroes del Alcázar de Toledo 10";"FUNES";"FUNES";"La Ribera";"Casera o regional";"21/01/1990 0:00:00"
"81";"UR001059";"Ayestarán I";"Restaurantes";"Segunda/2 Tenedores";"Aralar 22";"LEKUNBERRI";"LEKUNBERRI";"Pirineos";"Casera o regional";"12/08/2014 0:00:00"
"82";"UR141060";"Ayestarán II";"Restaurantes";"Segunda/2 Tenedores";"Ayestarán II 27";"LEKUNBERRI";"LEKUNBERRI";"Pirineos";"Casera o regional";"12/08/2014 0:00:00"
"83";"UR000800";"Azketa";"Restaurantes";"Segunda/2 Tenedores";"Francia 0 S/N";"ZUGARRAMURDI";"ZUGARRAMURDI";"Pirineos";"Casera o regional";"24/12/1997 0:00:00"
"84";"UR001070";"Balneario de Elgorriaga";"Restaurantes";"Segunda/2 Tenedores";"Errotaldea s/n 0";"ELGORRIAGA";"ELGORRIAGA";"Pirineos";"Casera o regional";"02/12/2014 0:00:00"
"85";"ur000230";"Baluarte";"Restaurantes";"Sin definir";"Ejército 1";"PAMPLONA";"PAMPLONA / IRUÑA";"Cuenca de Pamplona";;"30/11/2004 0:00:00"
"86";"UR000438";"Baraibar";"Restaurantes";"Sin definir";"San Miguel 0";"BARAIBAR";"LARRAUN";"Pirineos";"Casera o regional";"28/11/1985 0:00:00"
"87";"UR001118";"Baratze";"Restaurantes";"Segunda/2 Tenedores";"Pamplona-Valcarlos 0 Km. 42";"AURIZBERRI/ESPINAL";"ERRO";"Pirineos";"Casera o regional";"22/07/2016 0:00:00"
"88";"UR111004";"Bardenas";"Restaurantes";"Sin definir";"Real 96";"ARGUEDAS";"ARGUEDAS";"La Ribera";"Casera o regional";"04/05/2011 0:00:00"
"89";"UR000503";"Bargota";"Restaurantes";"Sin definir";"Virgen de la Cabeza, 21-23 0 ";"TUDELA";"TUDELA";"La Ribera";"Casera o regional";"17/05/1989 0:00:00"
"90";"UR000577";"Barranka";"Restaurantes";"Tercera/1 tenedor";"Carretera 5";"EZKURRA";"EZKURRA";"Pirineos";"Casera o regional";"11/06/1990 0:00:00"
"91";"UR000519";"Basaburua";"Restaurantes";"Segunda/2 Tenedores";"Ansoleaga 16";"PAMPLONA";"PAMPLONA / IRUÑA";"Cuenca de Pamplona";"Casera o regional";"26/02/1988 0:00:00"
"92";"UR000016";"Baserriberri";"Restaurantes";"Sin definir";"San Nicolás 32";"PAMPLONA";"PAMPLONA / IRUÑA";"Cuenca de Pamplona";;"27/06/1968 0:00:00"
"93";"UR000676";"Baztan";"Restaurantes";"Tercera/1 tenedor";"Irunlarrea, 6-8 0 ";"PAMPLONA";"PAMPLONA / IRUÑA";"Cuenca de Pamplona";"Casera o regional";"05/04/1995 0:00:00"
"94";"ur000333";"Beatriz";"Restaurantes";"Sin definir";"Nacional 232, Km 98 0 ";"FONTELLAS";"FONTELLAS";"La Ribera";"Casera o regional";"30/04/1982 0:00:00"
"95";"UR000058";"Beethoven";"Restaurantes";"Sin definir";"Zaragoza, Km. 98 0 ";"FONTELLAS";"FONTELLAS";"La Ribera";;"11/02/1967 0:00:00"
"96";"UR000776";"Belarra";"Restaurantes";"Segunda/2 Tenedores";"de Ameztia 3";"DONEZTEBE/SANTESTEBAN";"DONEZTEBE / SANTESTEBAN";"Pirineos";"Casera o regional";"18/09/1996 0:00:00"
"97";"UR000364";"Belástegui";"Restaurantes";"Sin definir";"Obispo Irurita 0 S/N";"PAMPLONA";"PAMPLONA / IRUÑA";"Cuenca de Pamplona";"Casera o regional";"21/10/1983 0:00:00"
"98";"ur000518";"Bella Epoca";"Restaurantes";"Sin definir";"Navarra 3 Bajo";"PAMPLONA";"PAMPLONA / IRUÑA";"Cuenca de Pamplona";"Casera o regional";"09/11/1988 0:00:00"
"99";"UR121032";"Benta Ardandegia";"Restaurantes";"Segunda/2 Tenedores";"Elizaldea 15";"LUZAIDE/VALCARLOS";"LUZAIDE / VALCARLOS";"Pirineos";"Casera o regional";"13/11/2012 0:00:00"
"100";"UR000309";"Benta Gora";"Restaurantes";"Sin definir";"Ibardin 0 S/N";"BERA";"BERA";"Pirineos";"Casera o regional";"08/06/1981 0:00:00"
"101";"UR001139";"Benta Gorria";"Restaurantes";"Tercera/1 tenedor";"Ibardin 19";"BERA";"BERA";"Pirineos";"Casera o regional";"27/09/2021 0:00:00"
"102";"UR000894";"Benta Miguel";"Restaurantes";"Tercera/1 tenedor";"La Asunción (Ventas) 7";"ARRAITZ-ORKIN";"ULTZAMA";"Pirineos";"Casera o regional";"26/04/2006 0:00:00"
"103";"UR000963";"Benta Xabi";"Restaurantes";"Sin definir";"Barrio Bentas 0";"LUZAIDE/VALCARLOS";"LUZAIDE / VALCARLOS";"Pirineos";"Casera o regional";"09/12/2008 0:00:00"
"104";"UR000601";"Beola Etxea";"Restaurantes";"Tercera/1 tenedor";"Ibardin 0";"BERA";"BERA";"Pirineos";"Casera o regional";"17/04/1990 0:00:00"
"105";"UR001052";"Beratxa";"Restaurantes";"Segunda/2 Tenedores";"Escuelas Pías 11";"TAFALLA";"TAFALLA";"Zona Media";"Asador, Casera o regional";"22/04/2014 0:00:00"
"106";"UR000529";"Bereau";"Restaurantes";"Sin definir";"Frain 32";"LESAKA";"LESAKA";"Pirineos";"Casera o regional";"07/03/1990 0:00:00"
"107";"ur000658";"Berekoetxea Jatetxea";"Restaurantes";"Sin definir";"San Bartolomé 24";"GORRITI";"LARRAUN";"Pirineos";"Casera o regional";"27/03/1994 0:00:00"
"108";"ur000779";"Berrendi";"Restaurantes";"Sin definir";"San Salvador 52";"HIRIBERRI/VILLANUEVA DE AEZKOA";"HIRIBERRI / VILLANUEVA DE AEZKOA";"Pirineos";"Casera o regional";"05/12/1996 0:00:00"
"109";"UR000343";"Betelu";"Restaurantes";"Segunda/2 Tenedores";"Mayor 0 S/N";"BETELU";"BETELU";"Pirineos";"Casera o regional";"05/05/1982 0:00:00"
"110";"ur000261";"Beti Jai";"Restaurantes";"Sin definir";"Santa Agueda 4";"AOIZ";"AOIZ / AGOITZ";"Pirineos";;"03/06/1982 0:00:00"
"111";"UR000292";"Biltoki";"Restaurantes";"Sin definir";"García Ximénez 14";"ALTSASU/ALSASUA";"ALTSASU / ALSASUA";"Pirineos";"Casera o regional";"15/02/2005 0:00:00"
"112";"ur000122";"Bocaccio";"Restaurantes";"Sin definir";"Caballeros Templarios, 12 bajo 0 ";"RIBAFORADA";"RIBAFORADA";"La Ribera";;"12/02/2004 0:00:00"
"113";"UR001031";"Bodegas Forka";"Restaurantes";"Tercera/1 tenedor";"Lardín 4";"LUMBIER";"LUMBIER";"Pirineos";"Asador";"30/10/2012 0:00:00"
"114";"ur000615";"Bodegas Leire";"Restaurantes";"Sin definir";"Manuel de Falla 23";"PAMPLONA";"PAMPLONA / IRUÑA";"Cuenca de Pamplona";"Casera o regional";"14/08/1990 0:00:00"
"115";"UR000549";"Bodegas San Martin";"Restaurantes";"Sin definir";"Villa de Lanz 8";"BURLADA";"BURLADA / BURLATA";"Cuenca de Pamplona";"Casera o regional";"21/01/1990 0:00:00"
"116";"ur000330";"Bornax";"Restaurantes";"Sin definir";"Polígono Industrial Valtierra- 0";"VALTIERRA";"VALTIERRA";"La Ribera";"Casera o regional";"11/03/2005 0:00:00"
"117";"UR000604";"Borrasco";"Restaurantes";"Segunda/2 Tenedores";"Abadejo 2";"LERÍN";"LERÍN";"La Ribera";"Casera o regional";"22/05/1991 0:00:00"
"118";"UR000922";"Bruselas Kairos";"Restaurantes";"Sin definir";"Yanguas y Miranda 17";"PAMPLONA";"PAMPLONA / IRUÑA";"Cuenca de Pamplona";"Casera o regional";"01/06/2007 0:00:00"
"119";"ur000266";"Burgalés";"Restaurantes";"Sin definir";"de Navarra 2";"MILAGRO";"MILAGRO";"La Ribera";;"14/10/1981 0:00:00"
"120";"UR000065";"Burger King";"Restaurantes";"Sin definir";"Sancho el Fuerte 83";"PAMPLONA";"PAMPLONA / IRUÑA";"Cuenca de Pamplona";"Rápida";"27/06/2001 0:00:00"
"121";"UR000997";"Burger King";"Restaurantes";"Sin definir";"Galaria-CC.La Morea A-10 0";"CORDOVILLA";"GALAR";"Cuenca de Pamplona";"Rápida";"13/08/2010 0:00:00"
"122";"UR000998";"Burger King";"Restaurantes";"Sin definir";"C.C. Itaroa Local A-17 0";"HUARTE";"HUARTE / UHARTE";"Cuenca de Pamplona";"Rápida";"10/09/2010 0:00:00"
"123";"UR001024";"Burger King";"Restaurantes";"Sin definir";"Agustinos 0 C/ A parc.1600";"PAMPLONA";"PAMPLONA / IRUÑA";"Cuenca de Pamplona";"Rápida";"24/02/2012 0:00:00"
"124";"UR131049";"Burger King";"Restaurantes";"Sin definir";"Mercaderes 17";"PAMPLONA";"PAMPLONA / IRUÑA";"Cuenca de Pamplona";"Rápida";"27/12/2013 0:00:00"
"125";"UR000256";"Burger King Tudela";"Restaurantes";"Sin definir";"Parque Comercial La Barrena, c 0 S/N";"TUDELA";"TUDELA";"La Ribera";"Rápida";"19/01/2005 0:00:00"
"126";"UR001114";"Burgerheim";"Restaurantes";"Segunda/2 Tenedores";"Amaya 2 B Bajo";"PAMPLONA";"PAMPLONA / IRUÑA";"Cuenca de Pamplona";"Asador, Internacional, Rápida";"12/05/2016 0:00:00"
"127";"UR000337";"Burlada";"Restaurantes";"Sin definir";"Mayor 0 S/N";"ARANTZA";"ARANTZA";"Pirineos";"Casera o regional";"08/08/1982 0:00:00"
"128";"UR000060";"Café con sal";"Restaurantes";"Tercera/1 tenedor";"Juan de Labrit 29";"PAMPLONA";"PAMPLONA / IRUÑA";"Cuenca de Pamplona";"Asador, Casera o regional, De tapas y raciones";"13/06/2001 0:00:00"
"129";"ur000868";"Cafe Iruña";"Restaurantes";"Sin definir";"del Castillo 44";"PAMPLONA";"PAMPLONA / IRUÑA";"Cuenca de Pamplona";"Casera o regional";"13/09/2000 0:00:00"
"130";"UR001017";"Café Niza";"Restaurantes";"Segunda/2 Tenedores";"Duque de Ahumada 5";"PAMPLONA";"PAMPLONA / IRUÑA";"Cuenca de Pamplona";"Casera o regional";"28/11/2011 0:00:00"
"131";"UR001120";"Café Sabina";"Restaurantes";"Tercera/1 tenedor";"C.C. Itaroa C/ Intxaurdia 5 local 32";"HUARTE";"HUARTE / UHARTE";"Cuenca de Pamplona";"Casera o regional, De tapas y raciones";"17/10/2016 0:00:00"
"132";"UR000792";"Cafestore";"Restaurantes";"Sin definir";"Autopista AP-15 Km. 14 0";"VALTIERRA";"VALTIERRA";"La Ribera";"Casera o regional";"21/04/1997 0:00:00"
"133";"ur000172";"Caldero";"Restaurantes";"Sin definir";"Mutilva Baja, nave 1 0 ";"MUTILVA";"ARANGUREN";"Cuenca de Pamplona";"Casera o regional";"26/07/2004 0:00:00"
"134";"UR000099";"Camino del Perdón";"Restaurantes";"Sin definir";"Mayor 61";"UTERGA";"UTERGA";"Zona Media";"Casera o regional";"30/04/2003 0:00:00"
"135";"UR000190";"Caracho";"Restaurantes";"Tercera/1 tenedor";"Industrial 0 S/N";"CORELLA";"CORELLA";"La Ribera";;"03/09/2004 0:00:00"
"136";"UR000971";"Carranza";"Restaurantes";"Sin definir";"San Juan 1";"MIRANDA DE ARGA";"MIRANDA DE ARGA";"Zona Media";"Casera o regional";"17/03/2009 0:00:00"
"137";"ur000613";"Casa Albero";"Restaurantes";"Sin definir";"Zolina 3";"PAMPLONA";"PAMPLONA / IRUÑA";"Cuenca de Pamplona";"Casera o regional";"23/09/1990 0:00:00"
"138";"UR000801";"Casa Armendariz";"Restaurantes";"Primera/3 tenedores";"Navarro Villoslada 19";"VIANA";"VIANA";"Zona Media";"Sidrería";"24/12/1997 0:00:00"
"139";"UR001149";"Casa Carmen";"Restaurantes";"Segunda/2 Tenedores";"Rua 33";"ESTELLA-LIZARRA";"ESTELLA-LIZARRA";"Zona Media";"Casera o regional, De tapas y raciones, Vegetariana";"04/05/2023 0:00:00"
"140";"ur000167";"Casa Domingo";"Restaurantes";"Sin definir";"Zaragoza, km. 5 8 ";"CAPARROSO";"CAPARROSO";"La Ribera";;"14/10/1981 0:00:00"
"141";"ur000425";"Casa Evaristo";"Restaurantes";"Sin definir";"Estafeta 69";"PAMPLONA";"PAMPLONA / IRUÑA";"Cuenca de Pamplona";"Casera o regional";"21/08/1985 0:00:00"
"142";"UR000865";"Casa Faustina";"Restaurantes";"Sin definir";"Magdalena 58";"BARÍNDANO";"AMÉSCOA BAJA";"Pirineos";"Casera o regional";"06/09/2000 0:00:00"
"143";"UR000520";"Casa Jacinto";"Restaurantes";"Segunda/2 Tenedores";"Polígono Mugazuri, C-11 0 ";"BURLADA";"BURLADA / BURLATA";"Cuenca de Pamplona";"Casera o regional";"22/02/1989 0:00:00"
"144";"ur000866";"Casa Lucas";"Restaurantes";"Sin definir";"Polígono Mocholi, Edificio CEI 0 ";"NOÁIN";"NOÁIN (VALLE DE ELORZ) / NOAIN (ELORTZIBAR)";"Cuenca de Pamplona";"Casera o regional";"05/09/2005 0:00:00"
"145";"ur000441";"Casa Luis";"Restaurantes";"Sin definir";"Padre Calatayud 11";"PAMPLONA";"PAMPLONA / IRUÑA";"Cuenca de Pamplona";"Casera o regional";"05/01/1986 0:00:00"
"146";"UR000009";"Casa Manolo";"Restaurantes";"Sin definir";"García Castañón 12";"PAMPLONA";"PAMPLONA / IRUÑA";"Cuenca de Pamplona";;"26/04/1967 0:00:00"
"147";"UR00024";"Casa Otano";"Restaurantes";"Primera/3 tenedores";"San Nicolás 5";"PAMPLONA";"PAMPLONA / IRUÑA";"Cuenca de Pamplona";"Asador";"20/01/1966 0:00:00"
"148";"UR001033";"Casa Otsoa";"Restaurantes";"Sin definir";"Mayor 20";"EZCÁROZ";"EZCÁROZ / EZKAROZE";"Pirineos";"Casera o regional";"13/11/2012 0:00:00"
"149";"UR000871";"Casa Perico";"Restaurantes";"Segunda/2 Tenedores";"Berbinzana 12";"LARRAGA";"LARRAGA";"Zona Media";"Casera o regional";"14/09/2005 0:00:00"
"150";"UR001103";"Casa Sabina";"Restaurantes";"Segunda/2 Tenedores";"Única s/n 0";"ORREAGA/RONCESVALLES";"ORREGA / RONCESVALLES";"Pirineos";"Casera o regional";"02/10/2015 0:00:00"
"151";"ur000226";"Casa Santamaría";"Restaurantes";"Sin definir";"Mayor 28";"DONEZTEBE/SANTESTEBAN";"DONEZTEBE / SANTESTEBAN";"Pirineos";;"15/03/1982 0:00:00"
"152";"UR000835";"Casa Zabaleta";"Restaurantes";"Segunda/2 Tenedores";"San Ginés 0 S/N";"AIBAR";"AIBAR / OIBAR";"Zona Media";"Asador";"25/08/2005 0:00:00"
"153";"UR000605";"Casa Zanito";"Restaurantes";"Primera/3 tenedores";"Rua Mayor 16";"OLITE";"OLITE / ERRIBERRI";"Zona Media";"Casera o regional";"23/03/1990 0:00:00"
"154";"UR001085";"Casanellas Taller Gastronómico";"Restaurantes";"Tercera/1 tenedor";"Espoz y Mina, s/n 0 ";"ESTELLA-LIZARRA";"ESTELLA-LIZARRA";"Zona Media";"Casera o regional, De autor, Innovadora, Oriental, Vegetariana";"25/05/2015 0:00:00"
"155";"UR000298";"Casanova";"Restaurantes";"Segunda/2 Tenedores";"Fray Wenceslao de Oñate 8";"ESTELLA-LIZARRA";"ESTELLA-LIZARRA";"Zona Media";"Casera o regional";"08/06/1981 0:00:00"
"156";"UR001143";"Casas de Irati";"Restaurantes";"Tercera/1 tenedor";"Selva de Irati 0";"IRATI";"OCHAGAVÍA / OTSAGABIA";"Pirineos";"Casera o regional";"19/04/2022 0:00:00"
"157";"UR000224";"Catachú";"Restaurantes";"Sin definir";"Lindachiquía 16";"PAMPLONA";"PAMPLONA / IRUÑA";"Cuenca de Pamplona";"Casera o regional";"22/07/1981 0:00:00"
"158";"UR001125";"Centro de esquí nórdico Larra-Belagua";"Restaurantes";"Tercera/1 tenedor";"Ctra Isaba-Francia 0 KM 55";"ISABA";"ISABA / IZABA";"Pirineos";"Casera o regional";"09/06/2017 0:00:00"
"159";"UR000523";"Cerveceria Internacional";"Restaurantes";"Segunda/2 Tenedores";"Bayona 48";"PAMPLONA";"PAMPLONA / IRUÑA";"Cuenca de Pamplona";"Internacional";"18/04/1988 0:00:00"
"160";"ur000229";"Ché";"Restaurantes";"Sin definir";"Olite, nº 8 0 ";"PAMPLONA";"PAMPLONA / IRUÑA";"Cuenca de Pamplona";;"30/11/2004 0:00:00"
"161";"UR000509";"Chef Claudio";"Restaurantes";"Segunda/2 Tenedores";"Federico Soto 9";"PAMPLONA";"PAMPLONA / IRUÑA";"Cuenca de Pamplona";"Casera o regional, Internacional";"12/05/2005 0:00:00"
"162";"ur000857";"China Imperial";"Restaurantes";"Sin definir";"Pintor Crispín 8";"PAMPLONA";"PAMPLONA / IRUÑA";"Cuenca de Pamplona";"Internacional";"26/07/2000 0:00:00"
"163";"ur000393";"Ciaurriz";"Restaurantes";"Sin definir";"Padre Calatayud 14";"PAMPLONA";"PAMPLONA / IRUÑA";"Cuenca de Pamplona";"Casera o regional";"08/09/1984 0:00:00"
"164";"ur000180";"Ciudad China";"Restaurantes";"Sin definir";"República Argentina, 3 bajo 0 ";"TAFALLA";"TAFALLA";"Zona Media";;"26/07/2004 0:00:00"
"165";"UR000085";"Clinker";"Restaurantes";"Sin definir";"Mayor 1";"OLAZTI/OLAZAGUTIA";"OLAZTI / OLAZAGUTÍA";"Pirineos";"Casera o regional";"05/09/2001 0:00:00"
"166";"ur000768";"Club Social de Profesionales";"Restaurantes";"Sin definir";"Baja Navarra 47";"PAMPLONA";"PAMPLONA / IRUÑA";"Cuenca de Pamplona";"De autor";"16/01/2002 0:00:00"
"167";"UR000308";"Cocktail Bar Meeting Point";"Restaurantes";"Segunda/2 Tenedores";"Iturrama 21";"PAMPLONA";"PAMPLONA / IRUÑA";"Cuenca de Pamplona";"Casera o regional";"28/11/1980 0:00:00"
"168";"UR001126";"Codés";"Restaurantes";"Tercera/1 tenedor";"Los Bodegones 0 S/N";"SANSOL";"SANSOL";"Zona Media";;"30/11/2017 0:00:00"
"169";"UR000043";"Coto de la Valdorba";"Restaurantes";"Primera/3 tenedores";"Santa María 17";"SANSOÁIN";"LEOZ / LEOTZ";"Zona Media";"Casera o regional";"07/03/2001 0:00:00"
"170";"UR001058";"Danbolintxulo";"Restaurantes";"Tercera/1 tenedor";"Danbolintxulo s/n 0";"ETXARRI-ARANATZ";"ETXARRI ARANATZ";"Pirineos";"Casera o regional";"28/05/2014 0:00:00"
"171";"UR000891";"Deboca";"Restaurantes";"Sin definir";"Monjardín, 9-11 0 ";"PAMPLONA";"PAMPLONA / IRUÑA";"Cuenca de Pamplona";"Innovadora";"20/04/2006 0:00:00"
"172";"ur000090";"Deportivo";"Restaurantes";"Sin definir";"Aragón, 2C/. Aragón 2 ";"CARCASTILLO";"CARCASTILLO";"La Ribera";;"05/12/2001 0:00:00"
"173";"UR000996";"Disco Bar Charly";"Restaurantes";"Sin definir";"Lavadero 26";"CORTES";"CORTES";"La Ribera";"Casera o regional";"29/07/2010 0:00:00"
"174";"ur000348";"Dom Lluis";"Restaurantes";"Sin definir";"San Nicolas 1";"PAMPLONA";"PAMPLONA / IRUÑA";"Cuenca de Pamplona";"Casera o regional";"02/01/1983 0:00:00"
"175";"UR001128";"Domino's Pizza";"Restaurantes";"Tercera/1 tenedor";"Europa 0 S/N";"TUDELA";"TUDELA";"La Ribera";"Italiano";"29/12/2017 0:00:00"
"176";"ur000759";"Domino´s Pizza";"Restaurantes";"Sin definir";"Pío XII 20";"PAMPLONA";"PAMPLONA / IRUÑA";"Cuenca de Pamplona";"Rápida";"18/09/1996 0:00:00"
"177";"ur000760";"Domino´s Pizza";"Restaurantes";"Sin definir";"Sangüesa 2";"PAMPLONA";"PAMPLONA / IRUÑA";"Cuenca de Pamplona";"Rápida";"18/09/1996 0:00:00"
"178";"UR001075";"Don Carlos";"Restaurantes";"Lujo/ 4 Tenedores";"Dorraburu 1";"HUARTE";"HUARTE / UHARTE";"Cuenca de Pamplona";"Casera o regional";"02/02/2015 0:00:00"
"179";"ur000418";"Don Manolo";"Restaurantes";"Sin definir";"Sancho el Fuerte 77";"PAMPLONA";"PAMPLONA / IRUÑA";"Cuenca de Pamplona";"Casera o regional";"15/07/1985 0:00:00"
"180";"UR000802";"Don Menú";"Restaurantes";"Tercera/1 tenedor";"de la Inmaculada 70";"ESTELLA-LIZARRA";"ESTELLA-LIZARRA";"Zona Media";"Casera o regional";"24/12/1997 0:00:00"
"181";"UR000048";"Don Pelayo";"Restaurantes";"Sin definir";"Monjardín 16";"PAMPLONA";"PAMPLONA / IRUÑA";"Cuenca de Pamplona";;"28/03/2001 0:00:00"
"182";"UR000640";"Donamariako Benta";"Restaurantes";"Tercera/1 tenedor";"Venta 4";"DONAMARIA";"DONAMARIA";"Pirineos";"Casera o regional";"05/03/1991 0:00:00"
"183";"UR000927";"Dos Hermanas";"Restaurantes";"Tercera/1 tenedor";"Aralar 8";"IRURTZUN";"IRURTZUN";"Pirineos";"Casera o regional";"07/09/2007 0:00:00"
"184";"UR001137";"Ducal";"Restaurantes";"Segunda/2 Tenedores";"Carlos III 39";"PAMPLONA";"PAMPLONA / IRUÑA";"Cuenca de Pamplona";"Casera o regional";"08/06/2021 0:00:00"
"185";"UR000254";"Ducay";"Restaurantes";"Sin definir";"Rúa de Medios 1";"OLITE";"OLITE / ERRIBERRI";"Zona Media";;"23/12/2004 0:00:00"
"186";"UR000186";"Dulanz";"Restaurantes";"Sin definir";"Legarzia 17";"ABÁRZUZA";"ABÁRZUZA / ABARTZUZA";"Zona Media";;"26/07/2004 0:00:00"
"187";"UR000568";"Duque";"Restaurantes";"Sin definir";"Ciriaco Asín 0 S/N";"GALLIPIENZO NUEVO";"GALLIPIENZO / GALIPENTZU";"Zona Media";"Casera o regional";"21/08/1989 0:00:00"
"188";"UR001029";"Durban";"Restaurantes";"Sin definir";"Baja Navarra 3 bajo";"AYEGUI";"AYEGUI / AIEGI";"Zona Media";"Casera o regional";"04/10/2012 0:00:00"
"189";"ur000729";"Echegoyen";"Restaurantes";"Sin definir";"Mayor 0 S/N";"MURCHANTE";"MURCHANTE";"La Ribera";"Casera o regional";"28/12/1995 0:00:00"
"190";"ur000905";"Eguzki";"Restaurantes";"Sin definir";"Eguzki 1";"MUTILVA";"ARANGUREN";"Cuenca de Pamplona";"Casera o regional";"15/09/2006 0:00:00"
"191";"UR000933";"El Molino de Urdániz";"Restaurantes";"Sin definir";"San Miguel, s/n 0 ";"URDAITZ/URDÁNIZ";"ESTERIBAR";"Pirineos";"De autor";"22/11/2007 0:00:00"
"192";"UR001097";"El Castillo";"Restaurantes";"Segunda/2 Tenedores";"El Pinar 46";"LARRAGA";"LARRAGA";"Zona Media";"Asador, Casera o regional";"24/07/2015 0:00:00"
"193";"UR001002";"El Chupinazo";"Restaurantes";"Tercera/1 tenedor";"Estafeta 85 bajo";"PAMPLONA";"PAMPLONA / IRUÑA";"Cuenca de Pamplona";"Casera o regional";"04/05/2011 0:00:00"
"194";"ur000854";"El Cortijo";"Restaurantes";"Segunda/2 Tenedores";"La Paz 0 S/N";"PERALTA";"PERALTA / AZKOIEN";"La Ribera";"Asador";"20/12/1999 0:00:00"
"195";"UR000015";"El Crucero";"Restaurantes";"Sin definir";"Mayor 1";"CORELLA";"CORELLA";"La Ribera";;"30/11/2000 0:00:00"
"196";"UR000877";"El Embrujo";"Restaurantes";"Primera/3 tenedores";"Padre Calatayud, 16-18 0 ";"PAMPLONA";"PAMPLONA / IRUÑA";"Cuenca de Pamplona";"De autor";"07/12/2005 0:00:00"
"197";"UR000408";"El Figón";"Restaurantes";"Segunda/2 Tenedores";"Pintor Asenjo 12";"PAMPLONA";"PAMPLONA / IRUÑA";"Cuenca de Pamplona";"Casera o regional";"11/01/1985 0:00:00"
"198";"UR000842";"El Fogón de Noain";"Restaurantes";"Sin definir";"N-240, km. 7 5 ";"NOÁIN";"NOÁIN (VALLE DE ELORZ) / NOAIN (ELORTZIBAR)";"Cuenca de Pamplona";"Casera o regional";"27/03/2000 0:00:00"
"199";"UR000443";"El Fruto";"Restaurantes";"Sin definir";"Mayor 0 S/N";"MURILLO EL FRUTO";"MURILLO EL FRUTO";"La Ribera";"Casera o regional";"18/03/1986 0:00:00"
"200";"UR000063";"El Lechuguero";"Restaurantes";"Primera/3 tenedores";"Romero 8";"CASCANTE";"CASCANTE";"La Ribera";;"20/06/2001 0:00:00"
"201";"UR000130";"El Maño";"Restaurantes";"Sin definir";"Pamplona-Zaragoza, Km.30 0 ";"PUEYO";"PUEYO / PUIU";"Zona Media";"Casera o regional";"18/06/1971 0:00:00"
"202";"UR000991";"El Mercao";"Restaurantes";"Primera/3 tenedores";"Tafalla 7";"PAMPLONA";"PAMPLONA / IRUÑA";"Cuenca de Pamplona";"Casera o regional, Innovadora, Oriental";"29/04/2010 0:00:00"
"203";"UR001112";"El Mesón";"Restaurantes";"Segunda/2 Tenedores";"De la Abadía 14";"JAVIER";"JAVIER";"Zona Media";;"21/12/2015 0:00:00"
"204";"UR001133";"El Mesón de la Tortilla";"Restaurantes";"Tercera/1 tenedor";"Navarrería 12 Bajo";"PAMPLONA";"PAMPLONA / IRUÑA";"Cuenca de Pamplona";"Casera o regional, De tapas y raciones, Vegetariana";"25/02/2021 0:00:00"
"205";"UR001117";"El Mirador";"Restaurantes";"Tercera/1 tenedor";"Pamplona-Zaragoza 0 Km. 24";"BARÁSOAIN";"BARÁSOAIN";"Zona Media";;"22/07/2016 0:00:00"
"206";"UR001107";"El Mirador de Olite";"Restaurantes";"Segunda/2 Tenedores";"NA-115, km 2'3 0 ";"OLITE";"OLITE / ERRIBERRI";"Zona Media";"Asador, Casera o regional";"09/11/2015 0:00:00"
"207";"UR000160";"El Mosquito";"Restaurantes";"Segunda/2 Tenedores";"Virgen de Ujué 3";"PAMPLONA";"PAMPLONA / IRUÑA";"Cuenca de Pamplona";"Marisquería";"13/05/1973 0:00:00"
"208";"UR000053";"El Olivo";"Restaurantes";"Segunda/2 Tenedores";"Valtierra-San Adrián 0 S/N";"MILAGRO";"MILAGRO";"La Ribera";;"25/04/2001 0:00:00"
"209";"UR000973";"El Padrino";"Restaurantes";"Sin definir";"Pamplona 20";"ALTSASU/ALSASUA";"ALTSASU / ALSASUA";"Pirineos";"Casera o regional";"27/04/2009 0:00:00"
"210";"UR000268";"El Pañuelico";"Restaurantes";"Tercera/1 tenedor";"Pol. Ind. Cordovilla, Km 3 0 ";"CORDOVILLA";"GALAR";"Cuenca de Pamplona";"Casera o regional";"31/01/2005 0:00:00"
"211";"ur000862";"El Paseo";"Restaurantes";"Sin definir";"Guitarrista Sabicas 4";"PAMPLONA";"PAMPLONA / IRUÑA";"Cuenca de Pamplona";"Casera o regional";"30/08/2000 0:00:00"
"212";"UR000472";"El Poste";"Restaurantes";"Sin definir";"Estella 0 S/N";"LARRAGA";"LARRAGA";"Zona Media";"Casera o regional";"23/08/1989 0:00:00"
"213";"UR000753";"El Pozo de Beriáin";"Restaurantes";"Segunda/2 Tenedores";"Beriain Arlegui km 2 0";"SALINAS DE PAMPLONA";"GALAR";"Cuenca de Pamplona";"Asador, Asador";"24/02/1996 0:00:00"
"214";"ur000692";"El Prado";"Restaurantes";"Tercera/1 tenedor";"Bordalea 16 bajo";"ORKOIEN";"ORKOIEN";"Cuenca de Pamplona";"Casera o regional";"21/03/1994 0:00:00"
"215";"UR000670";"El Redin";"Restaurantes";"Sin definir";"Mercado 5";"PAMPLONA";"PAMPLONA / IRUÑA";"Cuenca de Pamplona";"Casera o regional";"03/07/2002 0:00:00"
"216";"ur000789";"El Retaco";"Restaurantes";"Sin definir";"Esquíroz 5";"PAMPLONA";"PAMPLONA / IRUÑA";"Cuenca de Pamplona";"Internacional";"05/02/1997 0:00:00"
"217";"UR000131";"El Rincón";"Restaurantes";"Sin definir";"Joaquín Beunza 12";"PAMPLONA";"PAMPLONA / IRUÑA";"Cuenca de Pamplona";;"04/06/2004 0:00:00"
"218";"UR001099";"El Rincón de la Joyosa";"Restaurantes";"Segunda/2 Tenedores";"Rúa de Medios 23";"OLITE";"OLITE / ERRIBERRI";"Zona Media";"Casera o regional, De tapas y raciones";"28/07/2015 0:00:00"
"219";"UR141053";"El Rincón de Peri";"Restaurantes";"Segunda/2 Tenedores";"Las Planas 51";"CABANILLAS";"CABANILLAS";"La Ribera";"Casera o regional";"22/04/2014 0:00:00"
"220";"UR000242";"El Tremendo";"Restaurantes";"Sin definir";"San Emetrio 0 S/N";"CIZUR MENOR";"CIZUR";"Cuenca de Pamplona";;"26/02/1983 0:00:00"
"221";"UR000913";"El Triguillo";"Restaurantes";"Sin definir";"Arguedas-Valtierra, parc. 41 ";"ARGUEDAS";"ARGUEDAS";"La Ribera";"Casera o regional";"26/01/2007 0:00:00"
"222";"UR000136";"El Txoko del Sadar";"Restaurantes";"Sin definir";"Sadar 0 S/N";"PAMPLONA";"PAMPLONA / IRUÑA";"Cuenca de Pamplona";"Asador";"04/06/2004 0:00:00"
"223";"UR000137";"El Volante";"Restaurantes";"Sin definir";"Merkatondoa 2";"ESTELLA-LIZARRA";"ESTELLA-LIZARRA";"Zona Media";"Casera o regional";"04/06/2004 0:00:00"
"224";"UR001141";"Elutsa Ostatua";"Restaurantes";"Segunda/2 Tenedores";"Andutzeta 13";"ETXALAR";"ETXALAR";"Pirineos";"Casera o regional, De tapas y raciones";"14/12/2021 0:00:00"
"225";"UR000400";"Enekorri";"Restaurantes";"Lujo/ 4 Tenedores";"Tudela 14";"PAMPLONA";"PAMPLONA / IRUÑA";"Cuenca de Pamplona";"De autor, Innovadora";"07/11/1984 0:00:00"
"226";"UR000171";"Erdialde";"Restaurantes";"Tercera/1 tenedor";"Garde-Ansó, Km. 4 0 ";"GARDE";"GARDE";"Pirineos";;"16/10/1981 0:00:00"
"227";"UR000793";"Errota";"Restaurantes";"Sin definir";"Iriartea 37";"RONCAL";"RONCAL / ERRONKARI";"Pirineos";"Casera o regional";"10/08/2005 0:00:00"
"228";"UR000685";"Eskisaroi";"Restaurantes";"Tercera/1 tenedor";"Jaime Urrutia 40";"ELIZONDO";"BAZTAN";"Pirineos";"Casera o regional";"16/12/1993 0:00:00"
"229";"UR000937";"Estación de Servicio Urbasa";"Restaurantes";"Sin definir";"Nacional, 1, km. 396 0 ";"OLAZTI/OLAZAGUTIA";"OLAZTI / OLAZAGUTÍA";"Pirineos";"Casera o regional";"18/02/2008 0:00:00"
"230";"UR000950";"Etayo";"Restaurantes";"Segunda/2 Tenedores";"Vitoria 37";"MURIETA";"MURIETA";"Zona Media";"Casera o regional";"16/06/2008 0:00:00"
"231";"UR001001";"Etxeberri";"Restaurantes";"Tercera/1 tenedor";"Nagusia 11";"GOLDARATZ";"IMOTZ";"Pirineos";"Casera o regional";"24/03/2011 0:00:00"
"232";"UR000460";"Etxebertzekoborda";"Restaurantes";"Sin definir";"Etxebertzeko Borda 0";"LEKAROZ";"BAZTAN";"Pirineos";"Casera o regional";"19/02/1990 0:00:00"
"233";"UR000608";"Europa";"Restaurantes";"Tercera/1 tenedor";"Dos de Agosto 20";"MILAGRO";"MILAGRO";"La Ribera";"Casera o regional";"20/02/1991 0:00:00"
"234";"UR001071";"Europa";"Restaurantes";"Lujo/ 4 Tenedores";"Espoz y Mina 11";"PAMPLONA";"PAMPLONA / IRUÑA";"Cuenca de Pamplona";"Casera o regional, Innovadora";"02/12/2014 0:00:00"
"235";"UR000133";"Euskalduna";"Restaurantes";"Sin definir";"Eztegara paslekua 2";"BERA";"BERA";"Pirineos";;"02/12/1972 0:00:00"
"236";"ur000473";"Euskalduna";"Restaurantes";"Sin definir";"San Juan 6";"LEKUNBERRI";"LEKUNBERRI";"Pirineos";"Casera o regional";"20/12/1989 0:00:00"
"237";"UR000342";"Ezcabarte";"Restaurantes";"Segunda/2 Tenedores";"Irún, Km. 7 0 ";"ORICÁIN";"EZCABARTE";"Cuenca de Pamplona";"Asador, Casera o regional, De tapas y raciones, Marisquería, Rápida, Vegetariana";"28/11/2002 0:00:00"
"238";"UR131045";"Florida";"Restaurantes";"Sin definir";"De los Fueros 15 bajo";"ESTELLA-LIZARRA";"ESTELLA-LIZARRA";"Zona Media";"Casera o regional, De tapas y raciones";"01/08/2013 0:00:00"
"239";"ur000329";"Fosters Hollywood";"Restaurantes";"Sin definir";"Centro Comercial La Morea, loc 0 ";"CORDOVILLA";"GALAR";"Cuenca de Pamplona";"Internacional, Rápida";"10/03/2005 0:00:00"
"240";"UR001022";"Fosters Hollywood";"Restaurantes";"Tercera/1 tenedor";"Paulino Caballero 5";"PAMPLONA";"PAMPLONA / IRUÑA";"Cuenca de Pamplona";"Internacional, Rápida";"26/01/2012 0:00:00"
"241";"ur000486";"Galar";"Restaurantes";"Tercera/1 tenedor";"Joaquín Maya 15";"PAMPLONA";"PAMPLONA / IRUÑA";"Cuenca de Pamplona";"Casera o regional";"30/03/1988 0:00:00"
"242";"ur000077";"Galarza III";"Restaurantes";"Sin definir";"San Miguel 0 S/N";"BARAIBAR";"LARRAUN";"Pirineos";;"01/08/2001 0:00:00"
"243";"ur000767";"Galeria";"Restaurantes";"Sin definir";"Polígono Agustinos. Centro Com 0";"PAMPLONA";"PAMPLONA / IRUÑA";"Cuenca de Pamplona";"Casera o regional";"18/09/1996 0:00:00"
"244";"UR000797";"Galo";"Restaurantes";"Segunda/2 Tenedores";"Mayor 40";"LERÍN";"LERÍN";"La Ribera";"Casera o regional";"09/03/1996 0:00:00"
"245";"UR000698";"Galtzabarra";"Restaurantes";"Segunda/2 Tenedores";"Tejería 0 S/N";"EZCÁROZ";"EZCÁROZ / EZKAROZE";"Pirineos";"Casera o regional";"21/03/1994 0:00:00"
"246";"UR000066";"Gambarte";"Restaurantes";"Sin definir";"Rúa del Seco 15";"OLITE";"OLITE / ERRIBERRI";"Zona Media";;"25/08/1967 0:00:00"
"247";"ur000072";"García";"Restaurantes";"Sin definir";"Mayor 93";"MURCHANTE";"MURCHANTE";"La Ribera";"Casera o regional";"18/07/2001 0:00:00"
"248";"UR001077";"Gares";"Restaurantes";"Segunda/2 Tenedores";"Los Fueros 38";"PUENTE LA REINA";"PUENTE LA REINA / GARES";"Zona Media";"Casera o regional";"02/02/2015 0:00:00"
"249";"UR000187";"Garmendi";"Restaurantes";"Sin definir";"La Cruz 8";"FALCES";"FALCES";"La Ribera";;"10/08/2004 0:00:00"
"250";"ur000462";"Garralda";"Restaurantes";"Sin definir";"Martín Azpilicueta 14";"PAMPLONA";"PAMPLONA / IRUÑA";"Cuenca de Pamplona";"Casera o regional";"08/02/1989 0:00:00"
"251";"ur000436";"Garrick";"Restaurantes";"Sin definir";"Iturrama 20";"PAMPLONA";"PAMPLONA / IRUÑA";"Cuenca de Pamplona";"Casera o regional";"05/11/1985 0:00:00"
"252";"UR000985";"Gazolaz";"Restaurantes";"Sin definir";"Infanzones 31";"OBANOS";"OBANOS";"Zona Media";"Casera o regional";"08/02/2010 0:00:00"
"253";"ur000470";"Goñi";"Restaurantes";"Sin definir";"Madrid 10";"BERIÁIN";"BERIÁIN";"Cuenca de Pamplona";"Casera o regional";"08/02/1989 0:00:00"
"254";"UR000889";"Gran Siglo";"Restaurantes";"Sin definir";"Fernández Pórtoles, 8-10 0 ";"TUDELA";"TUDELA";"La Ribera";"Internacional, Oriental";"06/03/2006 0:00:00"
"255";"UR001147";"Granja Escuela Gure Sustraiak";"Restaurantes";"Segunda/2 Tenedores";"Viejo de Arriste 1";"OLLO";"VALLE DE OLLO / OLLARAN";"Cuenca de Pamplona";"Casera o regional";"24/11/2022 0:00:00"
"256";"UR001073";"Graxiana";"Restaurantes";"Tercera/1 tenedor";"Lapiztegia 0";"ZUGARRAMURDI";"ZUGARRAMURDI";"Pirineos";"Casera o regional";"02/12/2014 0:00:00"
"257";"ur000281";"Haizea";"Restaurantes";"Sin definir";"Polígono Industrial Noain-Esqu 0";"NOÁIN";"NOÁIN (VALLE DE ELORZ) / NOAIN (ELORTZIBAR)";"Cuenca de Pamplona";"Casera o regional";"08/02/2005 0:00:00"
"258";"UR000951";"Haizea";"Restaurantes";"Sin definir";"Burguete 2";"AURIZBERRI/ESPINAL";"ERRO";"Pirineos";"Casera o regional";"16/06/2008 0:00:00"
"259";"UR001062";"Halconeras de Sancho IV";"Restaurantes";"Segunda/2 Tenedores";"La Sardilla C/A 22";"FUNES";"FUNES";"La Ribera";"Casera o regional";"07/11/2014 0:00:00"
"260";"UR000978";"Haran";"Restaurantes";"Sin definir";"Bardenas Reales 5";"SARRIGUREN";"VALLE DE EGÜÉS / EGUESIBAR";"Cuenca de Pamplona";"Casera o regional";"24/07/2009 0:00:00"
"261";"ur000161";"Hemingway";"Restaurantes";"Sin definir";"Luis Morondo 15";"PAMPLONA";"PAMPLONA / IRUÑA";"Cuenca de Pamplona";;"25/06/2004 0:00:00"
"262";"UR000435";"Herriko Ostatua";"Restaurantes";"Sin definir";"Consejo 38";"ITUREN";"ITUREN";"Pirineos";"Casera o regional";"21/11/1985 0:00:00"
"263";"UR000741";"Herriko Ostatua Etxaleku";"Restaurantes";"Tercera/1 tenedor";"San Esteban 0 S/N";"ETXALEKU";"IMOTZ";"Pirineos";"Casera o regional";"28/12/1995 0:00:00"
"264";"UR000444";"Herriko Taberna";"Restaurantes";"Sin definir";"El Carmen 34";"PAMPLONA";"PAMPLONA / IRUÑA";"Cuenca de Pamplona";"Casera o regional";"18/03/1986 0:00:00"
"265";"ur000809";"Hilarion";"Restaurantes";"Sin definir";"San Pedro 27";"ELGORRIAGA";"ELGORRIAGA";"Pirineos";"Casera o regional";"11/11/1998 0:00:00"
"266";"UR001095";"Hola Tafalla";"Restaurantes";"Tercera/1 tenedor";"Javier Osés 4";"TAFALLA";"TAFALLA";"Zona Media";"Casera o regional";"24/07/2015 0:00:00"
"267";"UR001089";"Hospedería de Leyre";"Restaurantes";"Segunda/2 Tenedores";"Monasterio San Salvador de Ley 0";"YESA";"YESA";"Zona Media";;"01/07/2015 0:00:00"
"268";"UR000941";"Hostería del Temple";"Restaurantes";"Tercera/1 tenedor";"Curia 3";"PAMPLONA";"PAMPLONA / IRUÑA";"Cuenca de Pamplona";"Casera o regional";"27/03/2008 0:00:00"
"269";"UR000660";"Ibarberoa";"Restaurantes";"Segunda/2 Tenedores";"San Salvador 0 S/N";"OBANOS";"OBANOS";"Zona Media";"Casera o regional";"18/05/1993 0:00:00"
"270";"ur000453";"Ibarburu";"Restaurantes";"Sin definir";"Caserío Ibarburu. Ctra. N-121- 0";"DONEZTEBE/SANTESTEBAN";"DONEZTEBE / SANTESTEBAN";"Pirineos";"Casera o regional";"05/01/1989 0:00:00"
"271";"UR000846";"Ibarrea";"Restaurantes";"Tercera/1 tenedor";"Polígono Ibarrea 0";"ALTSASU/ALSASUA";"ALTSASU / ALSASUA";"Pirineos";"Casera o regional";"27/07/2000 0:00:00"
"272";"UR000100";"Ibiricu";"Restaurantes";"Tercera/1 tenedor";"Polígono Industrial Mutilva Ba 7";"MUTILVA";"ARANGUREN";"Cuenca de Pamplona";;"11/06/2003 0:00:00"
"273";"UR000723";"Ikaburua";"Restaurantes";"Tercera/1 tenedor";"Leorlas 0";"URDAZUBI/URDAX";"URDAZUBI / URDAX";"Pirineos";"Casera o regional";"13/03/1994 0:00:00"
"274";"UR111011";"Imárcoain";"Restaurantes";"Sin definir";"Área Imárcoain Norte Km78 0";"IMÁRCOAIN";"NOÁIN (VALLE DE ELORZ) / NOAIN (ELORTZIBAR)";"Cuenca de Pamplona";"Casera o regional";"29/07/2011 0:00:00"
"275";"UR000260";"Imperio";"Restaurantes";"Tercera/1 tenedor";"de Oriente 2";"CÁSEDA";"CÁSEDA";"Zona Media";"Casera o regional";"30/12/1982 0:00:00"
"276";"UR001144";"Irati-Abodi";"Restaurantes";"Tercera/1 tenedor";"Selva de Irati 0";"IRATI";"OCHAGAVÍA / OTSAGABIA";"Pirineos";"Casera o regional";"19/04/2022 0:00:00"
"277";"UR000127";"Iratiko Eskola Taberna";"Restaurantes";"Tercera/1 tenedor";"Pablo Eguinoa 8";"ORBARA";"ORBARA";"Pirineos";"Casera o regional";"27/05/2004 0:00:00"
"278";"UR000890";"Iratzar Jatetxea";"Restaurantes";"Segunda/2 Tenedores";"Pamplona-Vitoria s/n 0";"ETXARREN";"ARAKIL";"Pirineos";"Asador";"10/03/2006 0:00:00"
"279";"ur000413";"Iraxoa";"Restaurantes";"Sin definir";"Estella 1";"ALLO";"ALLO";"Zona Media";"Casera o regional";"13/03/1985 0:00:00"
"280";"ur000686";"Iribia";"Restaurantes";"Sin definir";"Vitoria 0 S/N";"ANCÍN";"ANCÍN / ANTZIN";"Zona Media";"Casera o regional";"29/10/1994 0:00:00"
"281";"UR001096";"Iru Bide";"Restaurantes";"Tercera/1 tenedor";"Vitoria 3";"ALTSASU/ALSASUA";"ALTSASU / ALSASUA";"Pirineos";;"24/07/2015 0:00:00"
"282";"UR000214";"Iru-Bide";"Restaurantes";"Sin definir";"Biurrana 3";"LESAKA";"LESAKA";"Pirineos";"Asador";"22/07/1981 0:00:00"
"283";"UR001086";"Iru-Bide";"Restaurantes";"Segunda/2 Tenedores";"Bijues 0";"LUMBIER";"LUMBIER";"Pirineos";"Casera o regional, Innovadora";"28/05/2015 0:00:00"
"284";"UR000080";"Iruña";"Restaurantes";"Segunda/2 Tenedores";"Muro 11";"TUDELA";"TUDELA";"La Ribera";"Casera o regional";"25/02/1968 0:00:00"
"285";"ur000581";"Iruña";"Restaurantes";"Sin definir";"Parlamento Navarro 3";"RIBAFORADA";"RIBAFORADA";"La Ribera";"Casera o regional";"11/06/1990 0:00:00"
"286";"UR000110";"Iruñazarra";"Restaurantes";"Segunda/2 Tenedores";"Mercaderes 15";"PAMPLONA";"PAMPLONA / IRUÑA";"Cuenca de Pamplona";"Asador, Casera o regional, De tapas y raciones, Sidrería";"13/12/1969 0:00:00"
"287";"UR000051";"Iturri Eder";"Restaurantes";"Sin definir";"Larrañeta 7 0";"ETXARRI-ARANATZ";"ETXARRI ARANATZ";"Pirineos";"Casera o regional";"01/01/1969 0:00:00"
"288";"UR001074";"Itxasoenea";"Restaurantes";"Tercera/1 tenedor";"Las Eras 3";"AOIZ";"AOIZ / AGOITZ";"Pirineos";"Casera o regional";"02/02/2015 0:00:00"
"289";"UR000980";"Itxesi";"Restaurantes";"Sin definir";"Itxesi Pol.1, Par.850 0 ";"UHARTE-ARAKIL";"UHARTE ARAKIL";"Pirineos";"Casera o regional";"04/09/2009 0:00:00"
"290";"ur000042";"Izarra";"Restaurantes";"Sin definir";"Pamplona-Vitoria, Km.38 0 ";"ARBIZU";"ARBIZU";"Pirineos";"Casera o regional";"16/03/1967 0:00:00"
"291";"UR001093";"Jakue";"Restaurantes";"Tercera/1 tenedor";"Irunbidea 34";"PUENTE LA REINA";"PUENTE LA REINA / GARES";"Zona Media";;"24/07/2015 0:00:00"
"292";"ur000047";"Jiménez";"Restaurantes";"Sin definir";"Carretera de Campanas 0 S/N";"CAMPANAS";"TIEBAS-MURUARTE DE RETA";"Cuenca de Pamplona";;"26/12/1968 0:00:00"
"293";"ur000882";"Juanitorena";"Restaurantes";"Sin definir";"Fernando Urkia 9";"ARBIZU";"ARBIZU";"Pirineos";"Sidrería";"01/04/1982 0:00:00"
"294";"UR000990";"Kaixo";"Restaurantes";"Sin definir";"García Xímenez 20 22";"ALTSASU/ALSASUA";"ALTSASU / ALSASUA";"Pirineos";"Casera o regional";"29/03/2010 0:00:00"
"295";"ur000836";"Kalean Gora";"Restaurantes";"Sin definir";"Tajonar 29";"PAMPLONA";"PAMPLONA / IRUÑA";"Cuenca de Pamplona";"Sidrería";"26/09/1999 0:00:00"
"296";"UR000967";"Kaluxa";"Restaurantes";"Tercera/1 tenedor";"Kaluxa 3";"URDIAIN";"URDIAIN";"Pirineos";"Casera o regional";"06/03/2009 0:00:00"
"297";"UR000666";"Kampei";"Restaurantes";"Segunda/2 Tenedores";"Abejeras 26";"PAMPLONA";"PAMPLONA / IRUÑA";"Cuenca de Pamplona";"Internacional";"11/12/1992 0:00:00"
"298";"UR000061";"Kasino";"Restaurantes";"Sin definir";"Vieja 23";"LESAKA";"LESAKA";"Pirineos";;"11/01/1967 0:00:00"
"299";"UR000989";"Kastonea";"Restaurantes";"Sin definir";"Herriko Plaza s/n 0";"ERRATZU";"BAZTAN";"Pirineos";"Asador";"18/03/2010 0:00:00"
"300";"UR000968";"Kattalin";"Restaurantes";"Sin definir";"Lapiztegia 6 31710";"ZUGARRAMURDI";"ZUGARRAMURDI";"Pirineos";"Casera o regional";"06/03/2009 0:00:00"
"301";"UR000195";"Katxetas";"Restaurantes";"Segunda/2 Tenedores";"Estudio Gramática 3 Bajo";"ESTELLA-LIZARRA";"ESTELLA-LIZARRA";"Zona Media";"Casera o regional, Sidrería";"14/10/1981 0:00:00"
"302";"ur000147";"Kentucky Fried Chicken";"Restaurantes";"Sin definir";"C.C. Itaroa, local A31 0 ";"HUARTE";"HUARTE / UHARTE";"Cuenca de Pamplona";"Rápida";"26/05/2005 0:00:00"
"303";"UR000694";"Kentucky Fried Chicken";"Restaurantes";"Tercera/1 tenedor";"Pío XII 37";"PAMPLONA";"PAMPLONA / IRUÑA";"Cuenca de Pamplona";"Rápida";"01/12/1993 0:00:00"
"304";"ur000848";"Kixkia Sagardotegia";"Restaurantes";"Sin definir";"Urrutia 0 S/N";"OCHAGAVÍA";"OCHAGAVÍA / OTSAGABIA";"Pirineos";"Sidrería";"20/10/1999 0:00:00"
"305";"UR000286";"Koishta";"Restaurantes";"Sin definir";"Olite 35";"PAMPLONA";"PAMPLONA / IRUÑA";"Cuenca de Pamplona";;"22/07/1981 0:00:00"
"306";"ur000341";"Koska";"Restaurantes";"Sin definir";"San Salvador 3";"URDAZUBI/URDAX";"URDAZUBI / URDAX";"Pirineos";"Casera o regional";"03/03/1976 0:00:00"
"307";"UR001150";"Kotxera 13";"Restaurantes";"Tercera/1 tenedor";"San Francisco 0 s/n";"MUGIRO";"LARRAUN";"Pirineos";"Asador, Casera o regional, De tapas y raciones, Rápida, Vegetariana";"05/07/2023 0:00:00"
"308";"UR000806";"Kutximangi";"Restaurantes";"Tercera/1 tenedor";"Eugenio Mendioroz 0 S/N";"ARTAJONA";"ARTAJONA";"Zona Media";"Casera o regional";"12/03/1998 0:00:00"
"309";"ur000887";"L & Ele";"Restaurantes";"Sin definir";"Carnicerías 11";"TUDELA";"TUDELA";"La Ribera";"Casera o regional";"06/03/2006 0:00:00"
"310";"UR000417";"La Abuela";"Restaurantes";"Tercera/1 tenedor";"Cervantes 54";"CORTES";"CORTES";"La Ribera";"Casera o regional";"18/06/1985 0:00:00"
"311";"UR000203";"La Aljama";"Restaurantes";"Sin definir";"La Rua, nº 6 0 ";"ESTELLA-LIZARRA";"ESTELLA-LIZARRA";"Zona Media";"Casera o regional";"14/09/2004 0:00:00"
"312";"UR000903";"La Bodega del Camino";"Restaurantes";"Sin definir";"Mayor 21";"LORCA";"VALLE DE YERRI / DEIERRI";"Zona Media";"Casera o regional";"15/09/2006 0:00:00"
"313";"UR000942";"La Borda";"Restaurantes";"Sin definir";"San Nicolás 32";"AURITZ/BURGUETE";"AURITZ / BURGUETE";"Pirineos";"Casera o regional";"28/03/2008 0:00:00"
"314";"UR000883";"La Cabaña";"Restaurantes";"Sin definir";"San José 11";"CORELLA";"CORELLA";"La Ribera";"Casera o regional";"19/05/1982 0:00:00"
"315";"ur000567";"La Cadena";"Restaurantes";"Sin definir";"La Cadena 28";"LERÍN";"LERÍN";"La Ribera";"Casera o regional";"14/02/1990 0:00:00"
"316";"UR000488";"La Cañada";"Restaurantes";"Tercera/1 tenedor";"La Paz 32";"PERALTA";"PERALTA / AZKOIEN";"La Ribera";"Casera o regional";"11/06/1987 0:00:00"
"317";"ur000034";"La Cantina";"Restaurantes";"Sin definir";"Polígono Industrial de Cintrué 0";"CINTRUÉNIGO";"CINTRUÉNIGO";"La Ribera";"Casera o regional";"07/03/2001 0:00:00"
"318";"UR000734";"La Cantinetta";"Restaurantes";"Segunda/2 Tenedores";"Vuelta del Castillo 9";"PAMPLONA";"PAMPLONA / IRUÑA";"Cuenca de Pamplona";"Internacional";"28/12/1995 0:00:00"
"319";"UR000629";"La Casona";"Restaurantes";"Sin definir";"Pueblo Viejo 0 S/N";"BARAÑÁIN";"BARAÑÁIN / BARAÑAIN";"Cuenca de Pamplona";"Asador";"14/09/1990 0:00:00"
"320";"UR000002";"La Cepa";"Restaurantes";"Segunda/2 Tenedores";"de los Fueros, 15-1º 0 ";"ESTELLA-LIZARRA";"ESTELLA-LIZARRA";"Zona Media";"Asador";"26/06/2002 0:00:00"
"321";"UR000238";"La Conrada";"Restaurantes";"Segunda/2 Tenedores";"de los Fueros 17";"PUENTE LA REINA";"PUENTE LA REINA / GARES";"Zona Media";"Casera o regional";"22/07/1981 0:00:00"
"322";"UR000940";"La Estación";"Restaurantes";"Segunda/2 Tenedores";"Guipúzcoa, km. 5,5 0 ";"AIZOÁIN";"BERRIOPLANO / BERRIOBEITI";"Cuenca de Pamplona";"Casera o regional";"12/03/2008 0:00:00"
"323";"ur000208";"La Estrella";"Restaurantes";"Sin definir";"Cruce Belzunce 0";"GARCIRIÁIN";"JUSLAPEÑA / TXULAPAIN";"Cuenca de Pamplona";"Casera o regional";"07/10/2004 0:00:00"
"324";"UR000909";"La Fiterana";"Restaurantes";"Tercera/1 tenedor";"Lejalde 27";"FITERO";"FITERO";"La Ribera";"Casera o regional";"10/11/2006 0:00:00"
"325";"UR000915";"La Fonda";"Restaurantes";"Sin definir";"Bayona 3";"PAMPLONA";"PAMPLONA / IRUÑA";"Cuenca de Pamplona";"Casera o regional";"12/02/2007 0:00:00"
"326";"UR000872";"La Fonda de Tito";"Restaurantes";"Segunda/2 Tenedores";"Mayor 50";"PUENTE LA REINA";"PUENTE LA REINA / GARES";"Zona Media";"Casera o regional";"14/09/2005 0:00:00"
"327";"UR001005";"La Hacienda";"Restaurantes";"Segunda/2 Tenedores";"Camino Labiano 47";"MUTILVA";"ARANGUREN";"Cuenca de Pamplona";"Casera o regional";"09/05/2011 0:00:00"
"328";"UR000896";"La Mafia se sienta a la mesa";"Restaurantes";"Sin definir";"Leyre 7";"PAMPLONA";"PAMPLONA / IRUÑA";"Cuenca de Pamplona";"Internacional";"26/05/2006 0:00:00"
"329";"UR001046";"La Mandarra de la Ramos";"Restaurantes";"Segunda/2 Tenedores";"San Nicolás 9 bajo";"PAMPLONA";"PAMPLONA / IRUÑA";"Cuenca de Pamplona";"Casera o regional, De tapas y raciones";"01/08/2013 0:00:00"
"330";"UR000992";"La Mar Salada";"Restaurantes";"Sin definir";"Leyre 12 bajo";"PAMPLONA";"PAMPLONA / IRUÑA";"Cuenca de Pamplona";"Innovadora";"04/05/2010 0:00:00"
"331";"UR001054";"La Morea";"Restaurantes";"Primera/3 tenedores";"X 1";"CORDOVILLA";"GALAR";"Cuenca de Pamplona";"Casera o regional";"06/05/2014 0:00:00"
"332";"UR111000";"La Muralla";"Restaurantes";"Sin definir";"Rua Mayor 31";"OLITE";"OLITE / ERRIBERRI";"Zona Media";;"01/03/2011 0:00:00"
"333";"ur000559";"La Oficina";"Restaurantes";"Sin definir";"Poligono Industrial, c/n 0 ";"MUTILVA";"ARANGUREN";"Cuenca de Pamplona";"Casera o regional";"14/02/1990 0:00:00"
"334";"UR000525";"La Olla";"Restaurantes";"Sin definir";"Roncesvalles 2";"PAMPLONA";"PAMPLONA / IRUÑA";"Cuenca de Pamplona";"Casera o regional";"30/01/1989 0:00:00"
"335";"ur000320";"La Oreja";"Restaurantes";"Sin definir";"Jarauta 19";"PAMPLONA";"PAMPLONA / IRUÑA";"Cuenca de Pamplona";"Casera o regional";"16/10/1981 0:00:00"
"336";"ur000495";"La Peña";"Restaurantes";"Sin definir";"Tubal 14";"TAFALLA";"TAFALLA";"Zona Media";"Asador";"08/01/2001 0:00:00"
"337";"UR000095";"La Plaza";"Restaurantes";"Sin definir";"Mayor 52";"PUENTE LA REINA";"PUENTE LA REINA / GARES";"Zona Media";"Casera o regional";"13/02/2002 0:00:00"
"338";"ur000139";"La Plaza";"Restaurantes";"Sin definir";"Travesía Tafalla 3";"PAMPLONA";"PAMPLONA / IRUÑA";"Cuenca de Pamplona";"Casera o regional";"04/06/2004 0:00:00"
"339";"ur000314";"La Posada";"Restaurantes";"Sin definir";"San Andrés 0 S/N";"SORAUREN";"EZCABARTE";"Cuenca de Pamplona";"Asador";"23/01/1981 0:00:00"
"340";"UR000930";"La Posada";"Restaurantes";"Sin definir";"San Pedro 27";"LARRAINTZAR";"ULTZAMA";"Pirineos";"Casera o regional";"30/10/2007 0:00:00"
"341";"UR001134";"La Posada de la Rubia";"Restaurantes";"Tercera/1 tenedor";"Caldereros 5 Bajo";"TUDELA";"TUDELA";"La Ribera";"Casera o regional";"10/03/2021 0:00:00"
"342";"UR131048";"La Ribera";"Restaurantes";"Tercera/1 tenedor";"La Ribera 15";"CINTRUÉNIGO";"CINTRUÉNIGO";"La Ribera";"Casera o regional";"05/02/2014 0:00:00"
"343";"UR000513";"La Runa";"Restaurantes";"Sin definir";"Errotazar 26";"PAMPLONA";"PAMPLONA / IRUÑA";"Cuenca de Pamplona";"Sidrería";"12/05/2005 0:00:00"
"344";"UR001037";"La Sangiovesa";"Restaurantes";"Segunda/2 Tenedores";"García Castañón 6 bajo";"PAMPLONA";"PAMPLONA / IRUÑA";"Cuenca de Pamplona";"Italiano";"08/03/2013 0:00:00"
"345";"UR000538";"La Servicial Vinicola";"Restaurantes";"Sin definir";"Navarro Villoslada 11";"PAMPLONA";"PAMPLONA / IRUÑA";"Cuenca de Pamplona";"Casera o regional";"25/02/1989 0:00:00"
"346";"UR001025";"La Tagliatella";"Restaurantes";"Segunda/2 Tenedores";"del Castillo 37";"PAMPLONA";"PAMPLONA / IRUÑA";"Cuenca de Pamplona";"Internacional";"02/04/2012 0:00:00"
"347";"UR131039";"La Tagliatella";"Restaurantes";"Sin definir";"Centro comercial La Morea 0";"CORDOVILLA";"GALAR";"Cuenca de Pamplona";"Italiano";"30/04/2013 0:00:00"
"348";"UR001115";"La Tasca De Don José";"Restaurantes";"Tercera/1 tenedor";"C.C. Itaroa local A20-A21-A22 0";"HUARTE";"HUARTE / UHARTE";"Cuenca de Pamplona";"Casera o regional, De tapas y raciones";"29/06/2016 0:00:00"
"349";"UR001119";"La Tasca de Don José";"Restaurantes";"Tercera/1 tenedor";"C.C. Galaria 0 local A4-A5";"CORDOVILLA";"GALAR";"Cuenca de Pamplona";"Casera o regional, De tapas y raciones";"17/10/2016 0:00:00"
"350";"UR000138";"La Taula";"Restaurantes";"Tercera/1 tenedor";"Parque de los Enamorados, 18-1 0 ";"PAMPLONA";"PAMPLONA / IRUÑA";"Cuenca de Pamplona";"Casera o regional";"04/06/2004 0:00:00"
"351";"UR0001081";"La Torreta";"Restaurantes";"Tercera/1 tenedor";"Mayor 64";"PUENTE LA REINA";"PUENTE LA REINA / GARES";"Zona Media";;"09/04/2015 0:00:00"
"352";"UR000952";"La trastienda del colmado";"Restaurantes";"Sin definir";"Iturralde y Suit 24 bajo";"PAMPLONA";"PAMPLONA / IRUÑA";"Cuenca de Pamplona";"Innovadora";"20/06/2008 0:00:00"
"353";"ur000788";"La Trattoria";"Restaurantes";"Sin definir";"Pío XII 24";"PAMPLONA";"PAMPLONA / IRUÑA";"Cuenca de Pamplona";"Internacional";"05/02/1997 0:00:00"
"354";"UR001082";"La Veranda";"Restaurantes";"Primera/3 tenedores";"Egüés 78";"GORRÁIZ";"VALLE DE EGÜÉS / EGUESIBAR";"Cuenca de Pamplona";"Casera o regional";"05/03/2015 0:00:00"
"355";"ur000590";"La Vieja Iruña";"Restaurantes";"Sin definir";"San Nicolás 40 bajo";"PAMPLONA";"PAMPLONA / IRUÑA";"Cuenca de Pamplona";"Casera o regional, De autor, De tapas y raciones";"21/01/1990 0:00:00"
"356";"UR000283";"La Villa";"Restaurantes";"Tercera/1 tenedor";"Mayor 14";"IGANTZI";"IGANTZI";"Pirineos";"Casera o regional";"22/07/1981 0:00:00"
"357";"UR000030";"La Viña";"Restaurantes";"Sin definir";"Jarauta 8";"PAMPLONA";"PAMPLONA / IRUÑA";"Cuenca de Pamplona";;"25/06/1968 0:00:00"
"358";"UR000508";"Landaben";"Restaurantes";"Segunda/2 Tenedores";"Políg. Industrial Landaben, ca 0 ";"PAMPLONA";"PAMPLONA / IRUÑA";"Cuenca de Pamplona";"Casera o regional";"10/05/1989 0:00:00"
"359";"UR000156";"Lapitxuri";"Restaurantes";"Sin definir";"Dantxarinea, Venta Lapitxuri 0 ";"URDAZUBI/URDAX";"URDAZUBI / URDAX";"Pirineos";"Casera o regional";"18/06/2004 0:00:00"
"360";"UR000931";"Larraisko";"Restaurantes";"Tercera/1 tenedor";"Berrioplano 4";"ANSOAIN";"ANSOÁIN / ANTSOAIN";"Cuenca de Pamplona";"Casera o regional";"22/11/2007 0:00:00"
"361";"UR000135";"Le Mans";"Restaurantes";"Sin definir";"Monasterio de Urdax 0 S/N";"PAMPLONA";"PAMPLONA / IRUÑA";"Cuenca de Pamplona";;"25/06/2004 0:00:00"
"362";"UR001104";"Leku Ona";"Restaurantes";"Tercera/1 tenedor";"Martín Sasti s/n 0";"ALTSASU/ALSASUA";"ALTSASU / ALSASUA";"Pirineos";"Casera o regional";"05/11/2015 0:00:00"
"363";"ur000738";"Level-10";"Restaurantes";"Sin definir";"Padre Adoain 223";"PAMPLONA";"PAMPLONA / IRUÑA";"Cuenca de Pamplona";"Rápida";"26/12/1995 0:00:00"
"364";"UR001064";"Lizarra";"Restaurantes";"Segunda/2 Tenedores";"Ordoiz, s/n 0 ";"ESTELLA-LIZARRA";"ESTELLA-LIZARRA";"Zona Media";"Casera o regional";"07/11/2014 0:00:00"
"365";"UR000191";"Lizuniaga";"Restaurantes";"Sin definir";"Collado de Lizuniaga 0";"BERA";"BERA";"Pirineos";;"14/10/1981 0:00:00"
"366";"UR001072";"Loizu";"Restaurantes";"Segunda/2 Tenedores";"0";"AURITZ/BURGUETE";"AURITZ / BURGUETE";;"Casera o regional";"02/12/2014 0:00:00"
"367";"UR000173";"Lorentxo";"Restaurantes";"Segunda/2 Tenedores";"Ctra Irún N-121, KM 11 0 ";"OLAVE";"OLÁIBAR";"Cuenca de Pamplona";"Casera o regional";"26/07/2004 0:00:00"
"368";"ur000494";"Los Alfares";"Restaurantes";"Sin definir";"Avenida Sancho el Fuerte 32";"PAMPLONA";"PAMPLONA / IRUÑA";"Cuenca de Pamplona";"Casera o regional";"06/02/1989 0:00:00"
"369";"ur000547";"Los Gemelos";"Restaurantes";"Sin definir";"Hermanos Noain 30";"ANSOAIN";"ANSOÁIN / ANTSOAIN";"Cuenca de Pamplona";"Casera o regional";"01/03/1991 0:00:00"
"370";"UR000948";"Lugarana";"Restaurantes";"Sin definir";"Dantxarinea 0";"URDAZUBI/URDAX";"URDAZUBI / URDAX";"Pirineos";"Casera o regional";"14/05/2008 0:00:00"
"371";"UR001021";"Maher";"Restaurantes";"Sin definir";"Ribera 19";"CINTRUÉNIGO";"CINTRUÉNIGO";"La Ribera";"De autor";"22/12/2011 0:00:00"
"372";"ur000027";"Maica";"Restaurantes";"Sin definir";"Sancho VI el Sabio 1";"VILLAVA";"VILLAVA / ATARRABIA";"Cuenca de Pamplona";"Casera o regional";"20/12/2000 0:00:00"
"373";"UR000730";"Manolete";"Restaurantes";"Sin definir";"Mayor 12";"MURCHANTE";"MURCHANTE";"La Ribera";"Casera o regional";"28/12/1995 0:00:00"
"374";"ur000374";"Manolo";"Restaurantes";"Sin definir";"Santa Engracia 7";"PAMPLONA";"PAMPLONA / IRUÑA";"Cuenca de Pamplona";"Casera o regional";"19/03/1984 0:00:00"
"375";"UR000269";"Mavi";"Restaurantes";"Sin definir";"La Serna 2";"LOS ARCOS";"LOS ARCOS";"Zona Media";"Casera o regional";"22/07/1981 0:00:00"
"376";"ur000856";"Mc Donalds";"Restaurantes";"Sin definir";"Parque Comercial ""Galaria"" 0 ";"CORDOVILLA";"GALAR";"Cuenca de Pamplona";"Rápida";"30/08/2000 0:00:00"
"377";"UR111016";"Mc Donalds Artica";"Restaurantes";"Tercera/1 tenedor";"Lantzeluze 39";"ARTICA";"BERRIOPLANO / BERRIOBEITI";"Cuenca de Pamplona";"Rápida";"28/11/2011 0:00:00"
"378";"UR000057";"Mei Mei";"Restaurantes";"Segunda/2 Tenedores";"Yanguas y Miranda 21";"PAMPLONA";"PAMPLONA / IRUÑA";"Cuenca de Pamplona";;"13/06/2001 0:00:00"
"379";"UR000892";"Melbourne";"Restaurantes";"Sin definir";"Olite 36";"PAMPLONA";"PAMPLONA / IRUÑA";"Cuenca de Pamplona";"Casera o regional";"20/04/2006 0:00:00"
"380";"UR000677";"Mendilatz";"Restaurantes";"Sin definir";"Larraun 0 S/N";"ORBAIZETA";"ORBAIZETA";"Pirineos";"Casera o regional";"15/05/1994 0:00:00"
"381";"UR001094";"Merindad de Olite";"Restaurantes";"Segunda/2 Tenedores";"Rúa de la Judería 11";"OLITE";"OLITE / ERRIBERRI";"Zona Media";"Casera o regional, De tapas y raciones, Innovadora";"24/07/2015 0:00:00"
"382";"UR000939";"Mesón de Gargantúa";"Restaurantes";"Sin definir";"Santa María 6";"LOS ARCOS";"LOS ARCOS";"Zona Media";"Casera o regional";"12/03/2008 0:00:00"
"383";"ur000483";"Mesón del Barro";"Restaurantes";"Sin definir";"Acella 2";"PAMPLONA";"PAMPLONA / IRUÑA";"Cuenca de Pamplona";"Asador";"09/03/1988 0:00:00"
"384";"UR000287";"Mesón Egüés";"Restaurantes";"Sin definir";"San Martín 10";"EGÜÉS";"VALLE DE EGÜÉS / EGUESIBAR";"Cuenca de Pamplona";"Asador";"17/03/1982 0:00:00"
"385";"ur000405";"Mesón El Burladero";"Restaurantes";"Sin definir";"Arrieta, 9 bis 0 ";"PAMPLONA";"PAMPLONA / IRUÑA";"Cuenca de Pamplona";"Casera o regional";"18/04/2001 0:00:00"
"386";"UR000289";"Mesón Julián";"Restaurantes";"Sin definir";"La Merced 9";"TUDELA";"TUDELA";"La Ribera";;"16/10/1981 0:00:00"
"387";"UR000898";"Mesón La Cuchara";"Restaurantes";"Sin definir";"Remiro de Goñi 26";"PAMPLONA";"PAMPLONA / IRUÑA";"Cuenca de Pamplona";"Casera o regional";"30/06/2006 0:00:00"
"388";"ur000643";"Mesón Las Torres I";"Restaurantes";"Sin definir";"Santa María 0 S/N";"UJUÉ";"UJUÉ / UXUE";"Zona Media";"Casera o regional";"23/03/1994 0:00:00"
"389";"ur000781";"Mesón Las Torres II";"Restaurantes";"Sin definir";"Santa María 0 S/N";"UJUÉ";"UJUÉ / UXUE";"Zona Media";"Casera o regional";"05/12/1996 0:00:00"
"390";"ur000104";"Mesón Olave";"Restaurantes";"Sin definir";"Irún, Km. 11 0 ";"OLAVE";"OLÁIBAR";"Cuenca de Pamplona";;"18/11/1981 0:00:00"
"391";"ur000240";"Mesón Olaz";"Restaurantes";"Sin definir";"Las Fuentes 19";"OLAZ";"VALLE DE EGÜÉS / EGUESIBAR";"Cuenca de Pamplona";"Casera o regional";"21/07/1981 0:00:00"
"392";"UR000370";"Mesón Pirineo";"Restaurantes";;"Estafeta 41";"PAMPLONA";"PAMPLONA / IRUÑA";"Pirineos";"Casera o regional";"19/03/1984 0:00:00"
"393";"UR000649";"Mikelen Borda";"Restaurantes";"Segunda/2 Tenedores";"Dancharinea 0";"URDAZUBI/URDAX";"URDAZUBI / URDAX";"Pirineos";"Casera o regional";"07/03/1991 0:00:00"
"394";"UR001008";"Mister Wok";"Restaurantes";"Tercera/1 tenedor";"Río Arga 18 bajo";"PAMPLONA";"PAMPLONA / IRUÑA";"Cuenca de Pamplona";"Internacional";"18/05/2011 0:00:00"
"395";"UR001080";"Molino de Caparroso";"Restaurantes";"Segunda/2 Tenedores";"Caparroso, s/n 0 ";"PAMPLONA";"PAMPLONA / IRUÑA";"Cuenca de Pamplona";"Casera o regional";"10/02/2015 0:00:00"
"396";"UR001084";"Mónaco";"Restaurantes";"Segunda/2 Tenedores";"Del Coso 1";"LOS ARCOS";"LOS ARCOS";"Zona Media";;"15/05/2015 0:00:00"
"397";"ur000193";"Montón";"Restaurantes";"Sin definir";"Jarauta 29";"PAMPLONA";"PAMPLONA / IRUÑA";"Cuenca de Pamplona";;"16/07/1982 0:00:00"
"398";"ur000713";"Motxale";"Restaurantes";"Sin definir";"Río 8";"UHARTE-ARAKIL";"UHARTE ARAKIL";"Pirineos";"Casera o regional";"14/03/1995 0:00:00"
"399";"UR001111";"Murkuzuria";"Restaurantes";"Tercera/1 tenedor";"Santa María s/n 0";"ESPARZA DE SALAZAR";"ESPARZA DE SALAZAR / ESPARTZA ZARAITZU";"Pirineos";"De tapas y raciones";"25/11/2015 0:00:00"
"400";"UR000974";"Ñam";"Restaurantes";"Sin definir";"Paseo Sarasate 28";"PAMPLONA";"PAMPLONA / IRUÑA";"Cuenca de Pamplona";"Casera o regional";"20/04/2009 0:00:00"
"401";"UR000385";"Navarra";"Restaurantes";"Segunda/2 Tenedores";"Gustavo de Maeztu 16";"ESTELLA-LIZARRA";"ESTELLA-LIZARRA";"Zona Media";"Casera o regional";"07/05/1984 0:00:00"
"402";"UR001105";"Nh Iruña Park";"Restaurantes";"Tercera/1 tenedor";"Arcadio Mª Larraona 1";"PAMPLONA";"PAMPLONA / IRUÑA";"Cuenca de Pamplona";"Casera o regional, Rápida";"05/11/2015 0:00:00"
"403";"UR000970";"Novoart";"Restaurantes";"Segunda/2 Tenedores";"Maria Moliner 2";"BERRIOPLANO";"BERRIOPLANO / BERRIOBEITI";"Cuenca de Pamplona";"Casera o regional, Innovadora";"06/03/2009 0:00:00"
"404";"UR001153";"Ohiana";"Restaurantes";"Segunda/2 Tenedores";"Dantxarinea 5";"URDAZUBI/URDAX";"URDAZUBI / URDAX";"Pirineos";"Casera o regional, De tapas y raciones, Rápida";"04/10/2023 0:00:00"
"405";"ur000544";"Olaberri";"Restaurantes";"Sin definir";"San Antón, Casa Olaberri 1 ";"LESAKA";"LESAKA";"Pirineos";"Casera o regional";"07/03/1990 0:00:00"
"406";"UR000619";"Olari";"Restaurantes";"Tercera/1 tenedor";"Pedro Mª Hualde 0 S/N";"IRURITA";"BAZTAN";"Pirineos";"Casera o regional";"07/03/1991 0:00:00"
"407";"UR000511";"Olazti";"Restaurantes";"Sin definir";"Mayor 51";"PAMPLONA";"PAMPLONA / IRUÑA";"Cuenca de Pamplona";"Casera o regional";"04/07/1988 0:00:00"
"408";"UR000895";"Ordoki";"Restaurantes";"Segunda/2 Tenedores";"Polígono Ordoki 0 S/N";"ARIZKUN";"BAZTAN";"Pirineos";"Asador";"26/05/2006 0:00:00"
"409";"UR000852";"Orgi";"Restaurantes";"Segunda/2 Tenedores";"San Simón 1";"LIZASO";"ULTZAMA";"Pirineos";"Casera o regional";"13/06/2000 0:00:00"
"410";"ur000840";"Orhi";"Restaurantes";"Sin definir";"Polígono Plazaola, nave 2-3 0 ";"BERRIOPLANO";"BERRIOPLANO / BERRIOBEITI";"Cuenca de Pamplona";"Casera o regional";"06/03/2000 0:00:00"
"411";"UR001076";"Orialde";"Restaurantes";"Tercera/1 tenedor";"Urrutia 6";"OCHAGAVÍA";"OCHAGAVÍA / OTSAGABIA";"Pirineos";;"02/02/2015 0:00:00"
"412";"UR001087";"Orrega/Roncesvalles";"Restaurantes";"Segunda/2 Tenedores";"Única 0";"ORREAGA/RONCESVALLES";"ORREGA / RONCESVALLES";"Pirineos";"Casera o regional";"28/05/2015 0:00:00"
"413";"UR001116";"Osate";"Restaurantes";"Tercera/1 tenedor";"Salazar 0 s/n";"OCHAGAVÍA";"OCHAGAVÍA / OTSAGABIA";"Pirineos";"Casera o regional, De tapas y raciones, Rápida, Vegetariana";"22/07/2016 0:00:00"
"414";"ur000893";"Oskia";"Restaurantes";"Sin definir";"de Navarra 0";"ERROTZ";"ARAKIL";"Pirineos";"Casera o regional";"26/04/2006 0:00:00"
"415";"UR000474";"Ospel";"Restaurantes";"Sin definir";"Roncesvalles 0 S/N";"OLLOKI";"ESTERIBAR";"Pirineos";"Casera o regional";"17/02/1990 0:00:00"
"416";"ur000755";"Ostargi";"Restaurantes";"Sin definir";"de Sarriguren, 2-4 0 ";"PAMPLONA";"PAMPLONA / IRUÑA";"Cuenca de Pamplona";"Casera o regional";"12/03/1996 0:00:00"
"417";"ur000310";"Ostatua Posada";"Restaurantes";"Sin definir";"Mayor 1";"ARRUAZU";"ARRUAZU";"Pirineos";"Casera o regional";"21/02/2005 0:00:00"
"418";"UR001152";"Otxondo";"Restaurantes";"Segunda/2 Tenedores";"Barrio Landibar 5";"URDAZUBI/URDAX";"URDAZUBI / URDAX";"Pirineos";"Casera o regional, De tapas y raciones";"04/10/2023 0:00:00"
"419";"UR000863";"Pabellón Deportivo de Estella-Lizarra";"Restaurantes";"Sin definir";"La Merindad 2";"ESTELLA-LIZARRA";"ESTELLA-LIZARRA";"Zona Media";"Casera o regional";"06/09/2000 0:00:00"
"420";"UR000336";"Pablo-Enea";"Restaurantes";"Sin definir";"Mayor 5";"ARANTZA";"ARANTZA";"Pirineos";"Casera o regional";"08/08/1982 0:00:00"
"421";"UR000833";"Palacio Castillo de Gorraiz";"Restaurantes";"Primera/3 tenedores";"de Egües 78";"GORRÁIZ";"VALLE DE EGÜÉS / EGUESIBAR";"Cuenca de Pamplona";"Casera o regional";"08/06/1999 0:00:00"
"422";"ur000452";"Palacio Chino";"Restaurantes";"Sin definir";"Estafeta, 73-1º 0 ";"PAMPLONA";"PAMPLONA / IRUÑA";"Cuenca de Pamplona";"Internacional";"08/03/1987 0:00:00"
"423";"UR001063";"Palacio Yrisarri";"Restaurantes";"Segunda/2 Tenedores";"Irisarri 2";"IGANTZI";"IGANTZI";"Pirineos";"Casera o regional, Innovadora";"07/11/2014 0:00:00"
"424";"UR000593";"Pamplona El Toro";"Restaurantes";"Primera/3 tenedores";"Guipuzcoa, km. 5 0 ";"BERRIOPLANO";"BERRIOPLANO / BERRIOBEITI";"Cuenca de Pamplona";"De autor";"14/02/1990 0:00:00"
"425";"UR001102";"Parador de Turismo de Olite";"Restaurantes";"Primera/3 tenedores";"Teobaldos 2";"OLITE";"OLITE / ERRIBERRI";"Zona Media";"Casera o regional";"12/08/2015 0:00:00"
"426";"UR000585";"Pardix Ostatu";"Restaurantes";"Sin definir";"Fº Anchorena 0 S/N";"ORBAIZETA";"ORBAIZETA";"Pirineos";"Casera o regional";"28/02/1990 0:00:00"
"427";"UR000451";"Payvi-2";"Restaurantes";"Sin definir";"Pío XII, 30 trasera 0 ";"PAMPLONA";"PAMPLONA / IRUÑA";"Cuenca de Pamplona";"Casera o regional";"08/02/1989 0:00:00"
"428";"UR000727";"Pekin";"Restaurantes";"Sin definir";"Juan Antonio Fernandez 53";"TUDELA";"TUDELA";"La Ribera";"Internacional";"25/04/1995 0:00:00"
"429";"UR001124";"Peñalén";"Restaurantes";"Segunda/2 Tenedores";"Variante Peralta 0 Km. 23,5";"PERALTA";"PERALTA / AZKOIEN";"La Ribera";"Asador, Casera o regional";"12/04/2017 0:00:00"
"430";"UR001142";"Perrillas";"Restaurantes";"Tercera/1 tenedor";"Tafalla 2";"AIBAR";"AIBAR / OIBAR";"Zona Media";"Casera o regional, Innovadora";"08/04/2022 0:00:00"
"431";"UR001142";"Perrillas";"Restaurantes";"Tercera/1 tenedor";"Tafalla 2";"AIBAR";"AIBAR / OIBAR";"Zona Media";"Casera o regional, Innovadora";"08/04/2022 0:00:00"
"432";"UR001142";"Perrillas";"Restaurantes";"En tramitación";"Tafalla 2";"AIBAR";"AIBAR / OIBAR";"Zona Media";"Casera o regional, Innovadora";"08/04/2022 0:00:00"
"433";"UR001142";"Perrillas";"Restaurantes";"En tramitación";"Tafalla 2";"AIBAR";"AIBAR / OIBAR";"Zona Media";"Casera o regional, Innovadora";"08/04/2022 0:00:00"
"434";"UR001142";"Perrillas";"Restaurantes";"Tercera/1 tenedor";"Tafalla 2";"AIBAR";"AIBAR / OIBAR";"Zona Media";"Casera o regional, Innovadora";"08/04/2022 0:00:00"
"435";"UR001142";"Perrillas";"Restaurantes";"Tercera/1 tenedor";"Tafalla 2";"AIBAR";"AIBAR / OIBAR";"Zona Media";"Casera o regional, Innovadora";"08/04/2022 0:00:00"
"436";"UR001142";"Perrillas";"Restaurantes";"En tramitación";"Tafalla 2";"AIBAR";"AIBAR / OIBAR";"Zona Media";"Casera o regional, Innovadora";"08/04/2022 0:00:00"
"437";"UR001142";"Perrillas";"Restaurantes";"En tramitación";"Tafalla 2";"AIBAR";"AIBAR / OIBAR";"Zona Media";"Casera o regional, Innovadora";"08/04/2022 0:00:00"
"438";"UR000928";"Perutxena Taberna";"Restaurantes";"Sin definir";"San Nicolás 24";"LARRASOAÑA";"ESTERIBAR";"Pirineos";"Casera o regional";"15/10/2007 0:00:00"
"439";"UR000126";"Pichorradicas Casa Ignacio";"Restaurantes";"Segunda/2 Tenedores";"Cortadores 11";"TUDELA";"TUDELA";"La Ribera";"Casera o regional";"27/05/2004 0:00:00"
"440";"UR001146";"Piscinas Municipales de Mélida";"Restaurantes";"Tercera/1 tenedor";"Nueva 54";"MÉLIDA";"MÉLIDA";"La Ribera";;"30/06/2022 0:00:00"
"441";"ur000500";"Pizzeria La Bocatta";"Restaurantes";"Sin definir";"Bayona 3";"PAMPLONA";"PAMPLONA / IRUÑA";"Cuenca de Pamplona";"Internacional";"26/02/1989 0:00:00"
"442";"ur000515";"Posada de Alcoz";"Restaurantes";"Sin definir";"San Esteban 15";"ALKOTZ";"ULTZAMA";"Pirineos";"Casera o regional";"09/11/1988 0:00:00"
"443";"UR001007";"Posada de Arraitz-Ostatu Berri";"Restaurantes";"Sin definir";"La Asunción 12";"ARRAITZ-ORKIN";"ULTZAMA";"Pirineos";"Casera o regional";"09/05/2011 0:00:00"
"444";"UR000740";"Posada de Auza";"Restaurantes";"Sin definir";"San Martín 20";"AUZA";"ULTZAMA";"Pirineos";"Casera o regional";"28/12/1995 0:00:00"
"445";"UR000825";"Posada de Egüés";"Restaurantes";"Tercera/1 tenedor";"Polígono Industrial 0 S/N";"EGÜÉS";"VALLE DE EGÜÉS / EGUESIBAR";"Cuenca de Pamplona";"Casera o regional";"17/09/1998 0:00:00"
"446";"UR121038";"Posada de Gerendiain";"Restaurantes";"Sin definir";"San Lorenzo 0";"GERENDIAIN";"ULTZAMA";"Pirineos";"Casera o regional";"08/03/2013 0:00:00"
"447";"UR001113";"Posada de Mugiro";"Restaurantes";"Tercera/1 tenedor";"San Francisco 2";"MUGIRO";"LARRAUN";"Pirineos";"Casera o regional";"20/04/2016 0:00:00"
"448";"UR001123";"Posada Elbete";"Restaurantes";"Tercera/1 tenedor";"Mayor 1 1º";"ELBETE";"BAZTAN";"Pirineos";"Casera o regional";"11/02/2017 0:00:00"
"449";"ur000739";"Quinto Real";"Restaurantes";"Sin definir";"Villava 14";"PAMPLONA";"PAMPLONA / IRUÑA";"Cuenca de Pamplona";"Casera o regional";"26/12/1995 0:00:00"
"450";"UR001026";"Qwerty";"Restaurantes";"Segunda/2 Tenedores";"Mercaderes 18";"PAMPLONA";"PAMPLONA / IRUÑA";"Cuenca de Pamplona";"De autor";"17/05/2012 0:00:00"
"451";"ur000687";"Ramona";"Restaurantes";"Sin definir";"La Ribera 19";"LODOSA";"LODOSA";"La Ribera";"Casera o regional";"21/09/1994 0:00:00"
"452";"ur000433";"Rancho Grande";"Restaurantes";"Sin definir";"Irún 36";"ARRE";"EZCABARTE";"Cuenca de Pamplona";"Casera o regional";"17/10/1985 0:00:00"
"453";"UR001151";"Remigio";"Restaurantes";"Lujo/ 4 Tenedores";"Gaztambide 4";"TUDELA";"TUDELA";"La Ribera";"Asador, Casera o regional";"28/09/2023 0:00:00"
"454";"UR000468";"Restaurante 33";"Restaurantes";"Lujo/ 4 Tenedores";"Pablo Sarasate 7";"TUDELA";"TUDELA";"La Ribera";"De autor";"21/01/1988 0:00:00"
"455";"UR000688";"Restaurante Cafetería Obas";"Restaurantes";"Segunda/2 Tenedores";"Irunlarrea, 6-8 0 ";"PAMPLONA";"PAMPLONA / IRUÑA";"Cuenca de Pamplona";"Casera o regional";"27/03/1994 0:00:00"
"456";"UR000785";"Restaurante Ekai";"Restaurantes";"Segunda/2 Tenedores";"Aoiz 0 S/N";"EKAI DE LÓNGUIDA";"LÓNGUIDA / LONGIDA";"Pirineos";"Casera o regional";"15/05/1996 0:00:00"
"457";"UR000696";"Rex Casa de Comidas";"Restaurantes";"Sin definir";"Libertad 0 S/N";"PAMPLONA";"PAMPLONA / IRUÑA";"Cuenca de Pamplona";"Casera o regional, De tapas y raciones, Innovadora";"21/03/1994 0:00:00"
"458";"ur000557";"Ricardo";"Restaurantes";"Sin definir";"del Perdón 21";"ASTRÁIN";"CIZUR";"Cuenca de Pamplona";"Casera o regional";"13/07/1989 0:00:00"
"459";"UR000278";"Richard";"Restaurantes";"Segunda/2 Tenedores";"Yerri 10";"ESTELLA-LIZARRA";"ESTELLA-LIZARRA";"Zona Media";"Casera o regional";"22/07/1981 0:00:00"
"460";"UR000647";"Rios";"Restaurantes";"Primera/3 tenedores";"Celso Muerza 18";"SAN ADRIÁN";"SAN ADRIÁN";"La Ribera";"Casera o regional";"18/03/1992 0:00:00"
"461";"UR000363";"Rochas";"Restaurantes";"Sin definir";"Principe de Viana 16";"ESTELLA-LIZARRA";"ESTELLA-LIZARRA";"Zona Media";"Casera o regional";"19/03/1984 0:00:00"
"462";"UR000216";"Rodero";"Restaurantes";"Sin definir";"Arrieta 3";"PAMPLONA";"PAMPLONA / IRUÑA";"Cuenca de Pamplona";;"22/07/1981 0:00:00"
"463";"ur000711";"Roma";"Restaurantes";"Sin definir";"Barón de la Torre 24";"CINTRUÉNIGO";"CINTRUÉNIGO";"La Ribera";"Asador";"13/03/1995 0:00:00"
"464";"ur000811";"Roman";"Restaurantes";"Sin definir";"San Martín 11";"IRURTZUN";"IRURTZUN";"Pirineos";"Casera o regional";"10/09/1997 0:00:00"
"465";"UR001047";"Romanzado";"Restaurantes";"Tercera/1 tenedor";"Carretera de Domeño 21";"DOMEÑO";"ROMANZADO / ERROMANTZATUA";"Pirineos";"Casera o regional";"21/08/2013 0:00:00"
"466";"ur000878";"Royal Menú";"Restaurantes";"Sin definir";"Polígono Industiral La Albergu 0";"VIANA";"VIANA";"Zona Media";"Casera o regional";"07/12/2005 0:00:00"
"467";"UR000543";"Salazar";"Restaurantes";"Sin definir";"Polígono Industrial Morea Sur 52";"BERIÁIN";"BERIÁIN";"Cuenca de Pamplona";"Casera o regional";"14/02/1990 0:00:00"
"468";"UR001090";"San Andrés";"Restaurantes";"Segunda/2 Tenedores";"Jesús Ordoñez 4";"TORRES DEL RÍO";"TORRES DEL RÍO";"Zona Media";"Casera o regional";"26/06/2014 0:00:00"
"469";"UR000111";"San Fermín";"Restaurantes";"Segunda/2 Tenedores";"San Nicolás, 44-46 0 1º Dcha.";"PAMPLONA";"PAMPLONA / IRUÑA";"Cuenca de Pamplona";"Casera o regional";"28/12/1969 0:00:00"
"470";"UR000071";"San Martín de Unx";"Restaurantes";"Sin definir";"San Martín de Unx-Ujue Km. 1 0";"SAN MARTÍN DE UNX";"SAN MARTÍN DE UNX";"Zona Media";;"18/07/2001 0:00:00"
"471";"UR000876";"San Miguel de Aralar";"Restaurantes";"Tercera/1 tenedor";"Aralar 0 s/n";"UHARTE-ARAKIL";"UHARTE ARAKIL";"Pirineos";"Casera o regional, De tapas y raciones";"10/11/2005 0:00:00"
"472";"UR000914";"San Nicolás";"Restaurantes";"Tercera/1 tenedor";"San Nicolás 13 bajo";"PAMPLONA";"PAMPLONA / IRUÑA";"Cuenca de Pamplona";"Casera o regional";"12/02/2007 0:00:00"
"473";"ur000392";"San Pedro";"Restaurantes";"Sin definir";"Los Arcos de Noain 0 S/N";"NOÁIN";"NOÁIN (VALLE DE ELORZ) / NOAIN (ELORTZIBAR)";"Cuenca de Pamplona";"Casera o regional";"10/10/1984 0:00:00"
"474";"UR000465";"Santxotena";"Restaurantes";"Segunda/2 Tenedores";"Pedro Axular, s/n 0 ";"ELIZONDO";"BAZTAN";"Pirineos";"Casera o regional";"05/01/1989 0:00:00"
"475";"UR000035";"Sarasate";"Restaurantes";"Tercera/1 tenedor";"San Nicolás, 19-21, 1º Izda. 0 ";"PAMPLONA";"PAMPLONA / IRUÑA";"Cuenca de Pamplona";"Vegetariana";"26/05/1965 0:00:00"
"476";"ur000817";"Sarrio";"Restaurantes";"Sin definir";"Cañada Real 0 S/N";"BERRIOPLANO";"BERRIOPLANO / BERRIOBEITI";"Cuenca de Pamplona";"Casera o regional";"05/11/1998 0:00:00"
"477";"ur000118";"Sastinea";"Restaurantes";"Sin definir";"Casa Sastinea 0";"ARESO";"ARESO";"Pirineos";;"01/09/2003 0:00:00"
"478";"ur000101";"Señorío de Beraiz";"Restaurantes";"Sin definir";"Pamplona-Irún, km.14 0 ";"BERAIZ";"OLÁIBAR";"Cuenca de Pamplona";"Asador";"11/06/2003 0:00:00"
"479";"UR000935";"Sibaris";"Restaurantes";"Sin definir";"Monte Monjardín 12";"PAMPLONA";"PAMPLONA / IRUÑA";"Cuenca de Pamplona";"Innovadora";"26/12/2007 0:00:00"
"480";"UR100999";"Sidrería Asador Kupela";"Restaurantes";"Segunda/2 Tenedores";"Ribera 25";"LODOSA";"LODOSA";"La Ribera";"Sidrería";"31/12/2010 0:00:00"
"481";"UR000084";"Sidrería Auzmendi Sagardotegia";"Restaurantes";"Sin definir";"Joaquin Beunza 17 bis";"PAMPLONA";"PAMPLONA / IRUÑA";"Cuenca de Pamplona";"Sidrería";"05/09/2001 0:00:00"
"482";"UR001055";"Sidrería Chez Belagua";"Restaurantes";"Segunda/2 Tenedores";"Estafeta, 49/51 0 ";"PAMPLONA";"PAMPLONA / IRUÑA";"Cuenca de Pamplona";"Sidrería";"06/05/2014 0:00:00"
"483";"UR111009";"Sidrería Etxesakan";"Restaurantes";"Sin definir";"Mayor 38";"GARÍSOAIN";"GUESÁLAZ / GESALATZ";"Zona Media";"Sidrería";"17/06/2011 0:00:00"
"484";"ur000107";"Sidrería Juanluzenea";"Restaurantes";"Sin definir";"San Lorenzo, 10, casa Juanluze 0 ";"ODERITZ";"LARRAUN";"Pirineos";;"01/09/2003 0:00:00"
"485";"UR000949";"Sidrería Kupela";"Restaurantes";"Sin definir";"Dantxarinea 0";"URDAZUBI/URDAX";"URDAZUBI / URDAX";"Pirineos";"Sidrería";"14/05/2008 0:00:00"
"486";"UR000277";"Sidrería Martintxo";"Restaurantes";"Segunda/2 Tenedores";"Irunbidea 1";"CIZUR MENOR";"CIZUR";"Cuenca de Pamplona";;"26/10/1981 0:00:00"
"487";"ur000155";"Sidrería Pil-Pil";"Restaurantes";"Segunda/2 Tenedores";"Acella 3";"PAMPLONA";"PAMPLONA / IRUÑA";"Cuenca de Pamplona";"Sidrería";"18/06/2004 0:00:00"
"488";"UR000984";"Sidrería Ttakun";"Restaurantes";"Tercera/1 tenedor";"Urrobi 7";"AURIZBERRI/ESPINAL";"ERRO";"Pirineos";"Sidrería";"23/12/2009 0:00:00"
"489";"UR000959";"Sur";"Restaurantes";"Sin definir";"Marcelo Celayeta 128";"PAMPLONA";"PAMPLONA / IRUÑA";"Cuenca de Pamplona";"Internacional";"28/11/2008 0:00:00"
"490";"UR000987";"Tabla Tomasa";"Restaurantes";"Sin definir";"Virgen del Puy 4 bajo";"PAMPLONA";"PAMPLONA / IRUÑA";"Cuenca de Pamplona";"Internacional";"10/03/2010 0:00:00"
"491";"UR000151";"Tallunce";"Restaurantes";"Segunda/2 Tenedores";"Campus Universitario (Comedor 0";"PAMPLONA";"PAMPLONA / IRUÑA";"Cuenca de Pamplona";"Casera o regional";"15/06/2004 0:00:00"
"492";"ur000742";"Talluntxe";"Restaurantes";"Sin definir";"M 30";"NOÁIN";"NOÁIN (VALLE DE ELORZ) / NOAIN (ELORTZIBAR)";"Cuenca de Pamplona";"Casera o regional";"28/12/1995 0:00:00"
"493";"UR000450";"Tapia";"Restaurantes";"Sin definir";"Bormapea 23";"ISABA";"ISABA / IZABA";"Pirineos";"Casera o regional";"21/01/1988 0:00:00"
"494";"UR000803";"Tapica";"Restaurantes";"Segunda/2 Tenedores";"de los Fueros 13";"TUDELA";"TUDELA";"La Ribera";"Casera o regional";"24/12/1997 0:00:00"
"495";"UR000020";"Telepizza";"Restaurantes";"Sin definir";"Sancho el Fuerte 81";"PAMPLONA";"PAMPLONA / IRUÑA";"Cuenca de Pamplona";"Rápida";"20/12/2000 0:00:00"
"496";"UR000040";"Telepizza";"Restaurantes";"Sin definir";"Ororbia 6";"PAMPLONA";"PAMPLONA / IRUÑA";"Cuenca de Pamplona";;"07/03/2001 0:00:00"
"497";"UR000837";"Telepizza";"Restaurantes";"Sin definir";"Bergamín 12";"PAMPLONA";"PAMPLONA / IRUÑA";"Cuenca de Pamplona";"Rápida";"16/01/2000 0:00:00"
"498";"UR000932";"Telepizza";"Restaurantes";"Sin definir";"Aranaz y Vides 5";"TUDELA";"TUDELA";"La Ribera";"Rápida";"22/11/2007 0:00:00"
"499";"ur000239";"Teresita";"Restaurantes";"Sin definir";"Carretera 76";"CARCASTILLO";"CARCASTILLO";"La Ribera";;"30/11/2004 0:00:00"
"500";"UR000908";"Tokio";"Restaurantes";"Sin definir";"Joaquín Maya 15";"PAMPLONA";"PAMPLONA / IRUÑA";"Cuenca de Pamplona";"Internacional";"27/10/2006 0:00:00"
"501";"ur000536";"Tolo";"Restaurantes";"Sin definir";"Lapurbide 10";"ANSOAIN";"ANSOÁIN / ANTSOAIN";"Cuenca de Pamplona";"Casera o regional";"10/08/1988 0:00:00"
"502";"UR001078";"Tres Reyes";"Restaurantes";"Segunda/2 Tenedores";"Jardines de la Taconera s/n 0";"PAMPLONA";"PAMPLONA / IRUÑA";"Cuenca de Pamplona";"Casera o regional";"02/02/2015 0:00:00"
"503";"UR000921";"Trinquete";"Restaurantes";"Lujo/ 4 Tenedores";"Trinquete 1 bis";"TUDELA";"TUDELA";"La Ribera";"Casera o regional, Vegetariana";"14/05/2007 0:00:00"
"504";"UR000076";"Túbal";"Restaurantes";"Segunda/2 Tenedores";"de Navarra 6";"TAFALLA";"TAFALLA";"Zona Media";;"25/08/1967 0:00:00"
"505";"UR000031";"Tudela Bardenas";"Restaurantes";"Segunda/2 Tenedores";"Zaragoza 60";"TUDELA";"TUDELA";"La Ribera";"Casera o regional";"27/12/2000 0:00:00"
"506";"UR111019";"Txalaparta";"Restaurantes";"Sin definir";"San Julián 89";"NAGORE";"ARCE / ARTZI";"Pirineos";"Casera o regional";"28/11/2011 0:00:00"
"507";"UR000426";"Txikipolit";"Restaurantes";"Sin definir";"Roncesvalles 42";"AURITZ/BURGUETE";"AURITZ / BURGUETE";"Pirineos";"Casera o regional";"23/05/1985 0:00:00"
"508";"UR001110";"Tximista";"Restaurantes";"Primera/3 tenedores";"Zaldu 15";"ESTELLA-LIZARRA";"ESTELLA-LIZARRA";"Zona Media";;"17/11/2015 0:00:00"
"509";"UR000925";"Txinparta";"Restaurantes";"Sin definir";"Centro Com. La Morea, A-7 0 ";"CORDOVILLA";"GALAR";"Cuenca de Pamplona";"Sidrería";"24/08/2007 0:00:00"
"510";"ur000430";"Txistulari";"Restaurantes";"Sin definir";"Irún, Km. 4 0 ";"ARRE";"EZCABARTE";"Cuenca de Pamplona";"Casera o regional";"20/11/1985 0:00:00"
"511";"ur000406";"Txomin";"Restaurantes";"Sin definir";"Río 24";"UHARTE-ARAKIL";"UHARTE ARAKIL";"Pirineos";"Casera o regional";"04/01/1985 0:00:00"
"512";"UR000709";"Udako Etxea";"Restaurantes";"Tercera/1 tenedor";"Kaule. Monte Larun 0";"BERA";"BERA";"Pirineos";"Casera o regional";"15/06/1994 0:00:00"
"513";"ur000749";"Ugarte";"Restaurantes";"Sin definir";"Ansoain, 13-A 0 ";"ANSOAIN";"ANSOÁIN / ANTSOAIN";"Cuenca de Pamplona";"Casera o regional";"29/05/1992 0:00:00"
"514";"ur000624";"Urbasa";"Restaurantes";"Sin definir";"Santa María 40";"ZIORDIA";"ZIORDIA";"Pirineos";"Casera o regional";"11/03/1991 0:00:00"
"515";"UR001065";"Urbasa";"Restaurantes";"Tercera/1 tenedor";"Estella-Olazagutía, km 30 0 ";"OLAZTI/OLAZAGUTIA";"OLAZTI / OLAZAGUTÍA";"Pirineos";"Casera o regional";"07/11/2014 0:00:00"
"516";"UR001041";"Urbia";"Restaurantes";"Sin definir";"San Salvador 33";"URDAZUBI/URDAX";"URDAZUBI / URDAX";"Pirineos";"Asador, De autor";"06/06/2013 0:00:00"
"517";"ur000134";"Urdax";"Restaurantes";"Sin definir";"Mº. de Urdax 45";"PAMPLONA";"PAMPLONA / IRUÑA";"Cuenca de Pamplona";"Casera o regional";"26/09/1971 0:00:00"
"518";"ur000703";"Urederra";"Restaurantes";"Sin definir";"La Fuente 15";"BAQUEDANO";"AMÉSCOA BAJA";"Pirineos";"Casera o regional";"21/03/1994 0:00:00"
"519";"UR001079";"Uxoa";"Restaurantes";"Segunda/2 Tenedores";"Industrial 0";"ARIZKUN";"BAZTAN";"Pirineos";"Casera o regional";"02/02/2015 0:00:00"
"520";"UR001140";"Valcarce";"Restaurantes";"Tercera/1 tenedor";"Montes del Cierzo 86";"TUDELA";"TUDELA";"La Ribera";"Asador, Casera o regional, De tapas y raciones";"11/11/2021 0:00:00"
"521";"UR000986";"Valcarce Ribaforada";"Restaurantes";"Sin definir";"Autovía A-68 km 105,600 0 ";"RIBAFORADA";"RIBAFORADA";"La Ribera";"Casera o regional";"08/02/2010 0:00:00"
"522";"ur000831";"Valle de Aranguren";"Restaurantes";"Sin definir";"Polígono Mutilva Baja, C/ A 101 ";"MUTILVA";"ARANGUREN";"Cuenca de Pamplona";"Casera o regional";"15/10/1999 0:00:00"
"523";"UR000644";"Venecia";"Restaurantes";"Segunda/2 Tenedores";"Diputación 70";"AZAGRA";"AZAGRA";"La Ribera";"Casera o regional";"22/05/1991 0:00:00"
"524";"ur000179";"Venta de Arlas";"Restaurantes";"Sin definir";"Ctra NA- 115, KM 18 0 ";"PERALTA";"PERALTA / AZKOIEN";"La Ribera";;"26/07/2004 0:00:00"
"525";"ur000420";"Venta de Juan Pito";"Restaurantes";"Sin definir";"Puerto de Belagua 0";"ISABA";"ISABA / IZABA";"Pirineos";"Casera o regional";"15/07/1985 0:00:00"
"526";"UR000196";"Venta de Larrión";"Restaurantes";"Segunda/2 Tenedores";"Urbasa 8";"LARRIÓN";"ALLÍN / ALLIN";"Zona Media";;"14/10/1981 0:00:00"
"527";"ur000088";"Venta de Pagozelay";"Restaurantes";"Sin definir";"Autovía A-15, km 34 0 ";"GORRITI";"LARRAUN";"Pirineos";"Casera o regional";"26/09/2001 0:00:00"
"528";"UR000947";"Venta Landíbar";"Restaurantes";"Sin definir";"Dantxarinea 0";"URDAZUBI/URDAX";"URDAZUBI / URDAX";"Pirineos";"Casera o regional";"14/05/2008 0:00:00"
"529";"UR000732";"Venta Muguiro";"Restaurantes";"Primera/3 tenedores";"Autovia A-15 ( Salida 123) 0";"MUGIRO";"LARRAUN";"Pirineos";"Casera o regional";"28/12/1995 0:00:00"
"530";"UR000050";"Venta Paco";"Restaurantes";"Segunda/2 Tenedores";"Dancharinea 0";"URDAZUBI/URDAX";"URDAZUBI / URDAX";"Pirineos";"Casera o regional";"08/12/1967 0:00:00"
"531";"UR000367";"Venta Patxi";"Restaurantes";"Tercera/1 tenedor";"Dancharinea 0";"URDAZUBI/URDAX";"URDAZUBI / URDAX";"Pirineos";"Casera o regional";"17/01/1984 0:00:00"
"532";"UR000946";"Venta Peio";"Restaurantes";"Sin definir";"Dantxarinea 0";"URDAZUBI/URDAX";"URDAZUBI / URDAX";"Pirineos";"Casera o regional";"14/05/2008 0:00:00"
"533";"UR111014";"Venta Peio";"Restaurantes";"Sin definir";"Barrio de Ventas 0";"LUZAIDE/VALCARLOS";"LUZAIDE / VALCARLOS";"Pirineos";"Internacional";"07/09/2011 0:00:00"
"534";"UR000757";"Villa Marcilla";"Restaurantes";"Segunda/2 Tenedores";"de la Estación 0 S/N";"MARCILLA";"MARCILLA";"La Ribera";"Casera o regional, Casera o regional";"06/03/1996 0:00:00"
"535";"UR000235";"Vista Alegre";"Restaurantes";"Tercera/1 tenedor";"Vista Alegre 31";"OLAZTI/OLAZAGUTIA";"OLAZTI / OLAZAGUTÍA";"Pirineos";"Casera o regional";"22/07/1981 0:00:00"
"536";"ur000712";"Vizcay";"Restaurantes";"Sin definir";"Zubiarte 27";"HUARTE";"HUARTE / UHARTE";"Cuenca de Pamplona";"Casera o regional";"13/03/1995 0:00:00"
"537";"UR001092";"Xabier";"Restaurantes";"Segunda/2 Tenedores";"Zona Turística s/n 0";"JAVIER";"JAVIER";"Zona Media";"Casera o regional, Innovadora";"24/07/2015 0:00:00"
"538";"UR000375";"Xaindu";"Restaurantes";"Sin definir";"Pekotxeta 0";"LUZAIDE/VALCARLOS";"LUZAIDE / VALCARLOS";"Pirineos";"Internacional";"04/04/2001 0:00:00"
"539";"UR000206";"Yanguas";"Restaurantes";"Segunda/2 Tenedores";"Yanguas y Miranda 21";"PAMPLONA";"PAMPLONA / IRUÑA";"Cuenca de Pamplona";;"30/09/2004 0:00:00"
"540";"UR001066";"Yerri";"Restaurantes";"Segunda/2 Tenedores";"Yerri 35";"ESTELLA-LIZARRA";"ESTELLA-LIZARRA";"Zona Media";"Casera o regional";"07/11/2014 0:00:00"
"541";"UR000859";"Yon";"Restaurantes";"Segunda/2 Tenedores";"Polígono Landaben C/D 0 S/N";"PAMPLONA";"PAMPLONA / IRUÑA";"Cuenca de Pamplona";"Casera o regional";"28/01/2000 0:00:00"
"542";"UR000745";"Zalain";"Restaurantes";"Sin definir";"Zalain 0";"BERA";"BERA";"Pirineos";"Casera o regional";"28/12/1995 0:00:00"
"543";"UR000995";"Zaldu";"Restaurantes";"Tercera/1 tenedor";"Errotaldea 28";"OROZ-BETELU";"OROZ-BETELU / OROTZ-BETELU";"Pirineos";"Casera o regional";"23/07/2010 0:00:00"
"544";"UR000994";"Zona Rocópolis";"Restaurantes";"Sin definir";"Cañada Real 20";"BERRIOPLANO";"BERRIOPLANO / BERRIOBEITI";"Cuenca de Pamplona";"Casera o regional";"16/07/2010 0:00:00"